id,nome_en,nome_jp,nome_cn,no_dt200,no_dt870
8,Alexandre Gama,アレシャンドレ ガマ,亚历山大·伽马,true,true
26,Gennaro Gattuso,ジェンナーロ ガットゥーゾ,詹纳罗·加图索,false,true
79,Pablo Machín,パブロ マチン,巴勃罗·马钦,false,true
89,Kasper Hjulmand,カスパ ユールマン,卡斯珀·尤尔曼德,true,true
113,Marco Baroni,マルコ バローニ,马尔科·巴罗尼,false,true
127,Besnik Hasi,ベスニク ハシ,贝斯尼克·哈西,false,true
135,Niko Kovač,ニコ コヴァッチ,尼科·科瓦奇,true,true
273,Martin O'Neill,マーティン オニール,马丁·奥尼尔,true,true
279,Marco Silva,マルコ シルヴァ,马尔科·席尔瓦,false,true
309,Petit,プティ,佩蒂特,true,true
350,Ronald Koeman,ロナルド クーマン,罗纳德·库曼,false,true
352,Michael Skibbe,ミヒャエル スキッベ,米夏埃尔·斯基伯,true,true
436,Maurizio Sarri,マウリツィオ サッリ,毛里齐奥·萨里,true,true
437,M. Allegri,マッシミリアーノ アッレグリ,马西米利亚诺·阿莱格里,true,true
478,M. Gallardo,マルセロ ガジャルド,马塞洛·加拉多,false,true
485,R. D'Aversa,ロベルト ダヴェルサ,罗伯托·达韦尔萨,true,true
503,R. Arruabarrena,ロドルフォ アルアバレナ,鲁道夫·阿鲁亚巴雷纳,false,true
1206,Nakor Scattini,ナコル スカチーニ,纳克尔·斯卡蒂尼,false,true
1207,Txomin Cabezon,ショミン デ カベソン,肖明·德卡维松,false,true
1212,Lluis Watling,ルイス ワトリング,路易斯·沃特林,false,true
1213,Jose A. de Blas,ホセ アンヘル デ ブラス,何塞-安赫尔·德布拉斯,false,true
1216,Josip Banić,ヨシプ バニッチ,约瑟普·巴尼奇,false,true
1223,Gustav Šimánek,グスタフ シマーネク,古斯塔夫·希马内克,false,true
1228,Rodolfo Nuñez,ロドルフォ ヌニェス,鲁道夫·努涅斯,false,true
1236,Elbert Chaucer,エルバート チョーサー,埃尔伯特·乔瑟,false,true
1237,Barnabas Wabeck,バーナバス ウォーベック,巴纳巴斯·瓦贝克,false,true
1241,Geoff Harper,ジェフ ハーパー,杰夫·哈珀,false,true
1243,Ahab Mirren,エイハブ ミレン,埃哈布·米伦,false,true
1245,Clemmie Root,クレミー ルート,克莱米·鲁特,false,true
1246,Llyr Blackmore,リル ブラックモア,利尔·布莱克莫尔,false,true
1249,Gus Rushby,ガス ラシュビー,格斯·拉什比,false,true
1255,Egide Tarde,エジット タルード,埃吉德·塔尔德,false,true
1256,Thony Meurisse,トニー ムリス,托尼·默里斯,true,true
1259,Steve Courcel,スティーブ クールセル,史蒂夫·库塞尔,false,true
1264,S. Delagrange,サンディ ドラグランジュ,桑迪·德拉格朗热,false,true
100180,Ranko Popović,ランコ ポポヴィッチ,兰科·波波维奇,false,true
100192,Eduardo Coudet,エドゥアルド クデ,爱德华多·库德特,true,true
100195,Fabio Cannavaro,ファビオ カンナヴァーロ,法比奥·坎纳瓦罗,false,true
100197,Gabriel Milito,ガブリエル ミリート,加布里埃尔·米利托,true,true
100237,José Mourinho,ジョゼ モウリーニョ,何塞·穆里尼奥,true,true
100249,M. Petrović,ミハイロ ペトロヴィッチ,米哈伊洛·彼得罗维奇,true,true
100327,Cristiano Bacci,クリスティアーノ バッチ,克里斯蒂亚诺·巴奇,true,true
100528,R. Rodríguez,リカルド ロドリゲス,里卡多·罗德里格斯,true,true
100656,M. van der Gaag,ミチェル ファン デル ハーフ,米切尔·范德哈赫,false,true
100693,C. Carvalhal,カルロス カルヴァリャル,卡洛斯·卡瓦利亚尔,false,true
100751,Jürgen Klopp,ユルゲン クロップ,尤尔根·克洛普,false,true
100803,Jofuku Hiroshi,城福 浩,城福浩,true,true
100883,André Jardine,アンドレ ジャルディネ,安德烈·亚尔迪内,true,true
100899,Pepa,ペパ,佩帕,false,true
100905,Claudio Úbeda,クライディオ ウベダ,克劳迪奥·乌韦达,true,true
100936,Vasco Seabra,ヴァスコ セアブラ,瓦斯科·塞亚布拉,true,true
100961,Ishii Masatada,石井 正忠,石井正忠,false,true
100962,Oniki Toru,鬼木 達,鬼木达,true,true
100969,Totchtawan S.,トッチタワン スリパーン,托达万·西里攀,true,true
101066,D. Tedesco,ドメニコ テデスコ,多梅尼科·特德斯科,false,true
101087,A. Stanojević,A. スタノイェヴィッチ,斯塔诺,false,true
101154,João Henriques,ジョアン エンリケス,若昂·恩里克斯,false,true
101207,Derek McInnes,デレク マキネス,德雷克·麦金尼斯,true,true
101228,S. Robinson,スティーヴン ロビンソン,斯蒂芬·鲁滨逊,true,true
101243,Yomoda Shuhei,四方田 修平,四方田修平,true,true
101251,Cho Kwi-Jae,チョウ キジェ,曹贵裁,true,true
101256,Kosta Runjaic,コスタ ルニャイッチ,科斯塔·鲁尼亚伊奇,true,true
101299,Okan Buruk,オカン ブルク,奥坎·布鲁克,true,true
101326,Miura Fumitake,三浦 文丈,三浦文丈,true,true
101351,Neil McCann,ニール マッキャン,尼尔·麦卡恩,true,true
101371,Kiyama Takashi,木山 隆之,木山隆之,true,true
101375,Simo Valakari,シモ ヴァラカリ,西莫·瓦拉卡里,true,true
101383,Nagasawa Tetsu,長澤 徹,长泽彻,true,true
101428,Yoshida T.,吉田 孝行,吉田孝行,true,true
101436,Peter Leven,ピーター レヴェン,森直树,false,true
101521,Hasebe S.,長谷部 茂利,长谷部茂利,true,true
101522,Sergen Yalçın,セルゲン ヤルチュン,塞尔根·亚尔琴,true,true
101550,Shibuya Hiroki,渋谷 洋樹,涩谷洋树,true,true
101562,İsmail Kartal,イスマイル カルタル,伊斯梅尔·卡塔尔,false,true
101566,Takagi Takuya,高木 琢也,高木琢也,true,true
101592,Thorsten Fink,トルステン フィンク,托尔斯滕·芬克,true,true
101616,Kawai Kenta,川井 健太,川井健太,true,true
101617,J.Berthel Askou,イェンス ベアテル アスコウ,延斯·阿斯库,true,true
101622,Dennis Amato,デニス アマト,丹尼斯·阿马托,true,true
101626,Jukkapant P.,ジュカパント プンペー,朱甲班·本比,true,true
101635,Surapong K.,スラポン コンテープ,素拉蓬·空贴,false,true
101637,Miloš Joksić,ミロシュ ヨクシッチ,米洛什·约克西奇,true,true
101638,D. Martindale,デイヴィッド マーティンデイル,戴维·马丁代尔,false,true
101672,Rangsan V.,ランサン ヴィワチャイチョック,朗桑·威瓦差乔,true,true
101742,Sudo Daisuke,須藤 大輔,须藤大辅,true,true
101745,José Alves,ジョゼ アウヴェス,若泽·阿尔维斯,false,true
101813,Sirisak Y.,シリサック ヨドヤダイ,西里撒·约亚泰,true,true
101838,S. Stoilov,スタニミル ストイロフ,斯坦尼米尔·斯托伊洛夫,true,true
101860,Steve Corica,スティーブ コリカ,史蒂夫·科里卡,false,true
101886,Johan Cruyff,ヨハン クライフ,约翰·克鲁伊夫,false,true
101899,Wouter Vrancken,ワウテル フランケン,沃特·弗兰肯,false,true
101967,V. Italiano,ヴィンチェンツォ イタリアーノ,温琴佐·伊塔利亚诺,false,true
101975,Sasom P.,サソム ポップラスー,萨松·波巴塞,true,true
101999,Jim Goodwin,ジム グッドウィン,吉姆·古德温,true,true
102009,Paolo Zanetti,パオロ ザネッティ,保罗·扎内蒂,false,true
102027,Metin Diyadin,メティン ディヤディン,梅廷·迪亚丁,true,true
102070,Adachi Ryo,安達 亮,安达亮,true,true
102080,Hansi Flick,ハンジ フリック,汉斯·弗里克,true,true
102109,Mikel Arteta,ミケル アルテタ,迈克尔·阿特塔,true,true
102134,Akiba Tadahiro,秋葉 忠宏,秋叶忠宏,false,true
102165,Mirel Rădoi,ミレル ラドイ,米雷尔·勒多伊,true,true
102196,Rui Borges,ルイ ボルジェス,瑞·博尔赫斯,true,true
102227,César Peixoto,セーザル ペイショト,塞萨尔·佩肖托,true,true
102314,Ruben Amorim,ルベン アモリム,鲁本·阿莫里姆,false,true
102318,Arun T.,アルン トゥルワッタナンクン,阿伦·图尔瓦塔纳安库尔,true,true
102338,S.Silaidopoulos,ソティリス シライドプロス,索蒂里斯·西莱多普洛斯,true,true
102370,Yoshida Ken,吉田 謙,吉田谦,true,true
102387,Xisco Muñoz,シスコ ムニョス,西斯科·穆尼奥斯,true,true
102471,Emre Belözoğlu,エムレ ベロゾール,埃姆雷·贝罗佐格鲁,true,true
102518,Risto Vidaković,リスト ヴィダコヴィッチ,里斯托·维达科维奇,true,true
102597,Thomas Reis,トーマス ライス,托马斯·赖斯,false,true
102606,Bruno Pinheiro,ブルーノ ピニェイロ,布鲁诺·皮涅罗,false,true
102607,Álvaro Pacheco,アルバロ パシェコ,阿尔瓦罗·帕切科,true,true
102648,Kogiku Akio,小菊 昭雄,小菊昭雄,true,true
102664,İlhan Palut,イルハン パルト,伊翰·帕吕,true,true
102697,Robert Lilley,ロバート リリー,鲍勃·利利,false,true
102699,Junior Gonzalez,フニオール ゴンサレス,胡尼奥尔·冈萨雷斯,false,true
102700,Mark Briggs,マーク ブリッグス,马克·布里格斯,false,true
102701,Ben Pirmann,ベン パーマン,本·皮尔曼,false,true
102702,Ryan Martin,ライアン マーティン,瑞安·马丁,false,true
102708,Neill Collins,ニール コリンズ,尼尔·科林斯,false,true
102712,Wílmer Cabrera,ウィルメル カブレラ,维尔默·卡布雷拉,false,true
102716,Brendan Burke,ブレンダン バーク,布伦丹·伯克,false,true
102717,Danny Cruz,ダニー クルス,丹尼·克鲁兹,false,true
102747,Carlos Llamosa,カルロス ジャモサ,卡洛斯·亚莫萨,false,true
102761,Michael Carrick,マイケル キャリック,迈克尔·卡里克,true,true
102784,David Gray,デイヴィッド グレイ,大卫·格雷,true,true
102789,Volkan Demirel,ヴォルカン デミレル,沃尔坎·迪米雷尔,false,true
102791,Zeki Göle,ゼキ ギョレ,泽基·格莱,true,true
102805,Serkan Özbalta,セルカン エズバルタ,塞尔坎·奥兹巴尔塔,true,true
102809,Matsuhashi R.,松橋 力蔵,松桥力藏,true,true
102815,Atila Gerin,アティラ ゲリン,阿蒂拉·盖林,true,true
102828,Oscar Hiljemark,オスカル ヒリェマルク,奥斯卡·希耶马克,false,true
102835,Vasco Matos,ヴァスコ マトス,瓦斯科·马托斯,false,true
102867,Recep Uçar,レジェプ ウチャル,雷杰普·乌恰尔,true,true
102874,Somchai C.,ソムチャイ チュアイブンチュム,颂猜·蔡邦春,true,true
102913,Alex Covelo,アレックス コベロ,亚历克斯·科韦洛,false,true
102973,Kim Pan-Gon,キム パンゴン,金判坤,true,true
102977,Çağdaş Atan,チャーダシュ アタン,恰达什·阿坦,false,true
103001,Khano Smith,カノ スミス,卡诺·史密斯,false,true
103005,Nuri Şahin,ヌリ シャヒン,努里·沙欣,true,true
103013,F. Farioli,フランチェスコ ファリオーリ,弗朗切斯科·法廖利,true,true
103014,Sami Uğurlu,サミ ウーウルル,萨米·乌尔鲁,false,true
103040,N. Pèlach Nadal,ナルシス ペラッチ ナダル,纳西斯·佩拉赫·纳达尔,false,true
103042,R. Palladino,ラッファエーレ パッラディーノ,拉法埃莱·帕拉迪诺,true,true
103049,Claudio Soucek,クラウディオ ソチェック,克劳迪奥·索切克,false,true
103087,Fatih Tekke,ファティフ テッケ,法蒂赫·泰克,true,true
103105,Selçuk İnan,セルチュク イナン,塞尔丘克·伊南,true,true
103114,A. Gilardino,アルベルト ジラルディーノ,阿尔贝托·吉拉尔迪诺,false,true
103134,Kuroda Go,黒田 剛,黑田刚,true,true
103135,Yokouchi A.,横内 昭展,横内昭展,true,true
103136,Kobayashi Y.,小林 慶行,小林庆行,true,true
103138,Maciej Skorża,マチェイ スコルジャ,马切伊·斯科尔扎,false,true
103185,Devin Rensing,デヴィン レンシング,德文·伦辛,false,true
103328,Tamura Yuzo,田村 雄三,田村雄三,true,true
103334,P. Kluivert,パトリック クライファート,帕特里克·克鲁伊维特,false,true
103342,Paolo Bianco,パオロ ビアンコ,保罗·比安科,false,true
103363,Arthur Papas,アーサー パパス,亚瑟·帕帕斯,true,true
103406,Sean McAuley,ショーン マコーリー,肖恩·麦考利,false,true
103407,Burak Yılmaz,ブラク ユルマズ,布拉克·伊尔马兹,false,true
103408,Albert Riera,アルベルト リエラ,阿尔伯特·列拉,true,true
103412,Danny Röhl,ダニー レール,丹尼·勒尔,true,true
103451,Cesc Fàbregas,セスク ファブレガス,塞斯克·法布雷加斯,true,true
103453,Worrawoot S.,ワーラウート スィーマカー,沃拉武特·斯里马卡,true,true
103475,John Bradford,ジョン ブラッドフォード,约翰·布拉德福德,false,true
103505,Shigaki Ryo,志垣 良,志垣良,false,true
103506,Moriyama Y.,森山 佳郎,森山佳郎,true,true
103529,Dennis Sanchez,デニス サンチェス,丹尼斯·桑切斯,false,true
103531,James Chambers,ジェームズ チェンバーズ,詹姆斯·钱伯斯,false,true
103536,Danny Dichio,ダニー ディキオ,丹尼·迪奇奥,false,true
103558,Özhan Pulat,エズハン プラト,厄兹汉·普拉特,false,true
103575,Tiago Margarido,チアゴ マルガリード,蒂亚戈·马加里多,true,true
103576,Danny Stone,ダニー ストーン,丹尼·斯通,false,true
103581,A. Chalitaporn,アカタポーン チャリタポーン,阿卡拉·查里塔蓬,false,true
103602,Ignazio Abate,イニャーツィオ アバーテ,伊尼亚齐奥·阿巴特,false,true
103630,Mikami Tatsuo,見上 辰夫,见上辰夫,false,true
103641,Mark Jackson,マーク ジャクソン,马克·杰克逊,true,true
103652,Nidzam Jamil,ニザム ジャミル,尼扎姆·贾米尔,false,true
103662,Jordan Stewart,ジョーダン スチュアート,乔丹·斯图尔特,false,true
103666,Ian Cathro,イアン キャスロ,伊恩·卡斯罗,true,true
103674,Ratthee U.,ラッティー ユアタンパイサーン,拉提·威亚他那派桑,true,true
103675,Efraín Váldez,エフライン バルデス,埃弗拉因·巴尔德斯,false,true
103702,Manager A,監督A,教练A,false,true
103703,Manager B,監督B,教练B,false,true
103704,Manager C,監督C,教练C,false,true
103734,João Pereira,ジョアン ペレイラ,若昂·佩雷拉,true,true
103739,Pa-Modou Kah,パ モドゥ カー,帕-莫杜·卡,false,true
103765,Luke Spencer,ルーク スペンサー,卢克·斯宾塞,false,true
103766,Hugo Oliveira,ウーゴ オリヴェイラ,雨果·奥利维拉,true,true
103779,Kimori Daisuke,樹森 大介,树森大介,true,true
103793,Terry Boss,テリー ボス,特里·博斯,false,true
103802,Gastón Maddoni,ガストン マッドーニ,加斯东·马多尼,false,true
103810,Kuraishi Keiji,倉石 圭二,仓石圭二,false,true
103812,Wasapol K.,ワサポーン キャウパルック,瓦萨波·凯乌帕鲁克,false,true
103817,Cristian Chivu,クリスティアン キヴ,克里斯蒂安·齐沃,true,true
103829,Guido Pizarro,ギド ピサロ,吉多·皮萨罗,false,true
103857,John McGlynn,ジョン マクグリン,约翰·麦克格林,true,true
103859,Luís Pinto,ルイス ピント,路易斯·平托,false,true
103874,Vasco B.d.Costa,ヴァスコ ボチーリョ ダコスタ,瓦斯科·B·达科斯塔,true,true
103905,Steven Pressley,スティーヴン プレスリー,史蒂文·普雷斯利,true,true
103906,Carlos Vicens,カルロス ビセンス,卡洛斯·维森斯,true,true
103907,Benny Feilhaber,ベニー フェイルハバー,本尼·费尔哈伯,false,true
103917,Oshima Hideo,大島 秀夫,大岛秀夫,true,true
103935,Gonçalo Feio,ゴンサロ フェイオ,贡萨洛·费奥,false,true
103939,Carlos Cuesta,カルロス クエスタ,卡洛斯·奎斯塔,true,true
103946,D. Casciato,ドミニク カッシャート,多米尼克·卡夏托,false,true
103955,Custódio Castro,クストジオ カストロ,库斯托迪奥·卡斯特罗,true,true
103981,Miyazawa Yuki,宮沢 悠生,宫泽悠生,true,true
103984,Radomir Đalović,ラドミル ジャロヴィッチ,拉多米尔·贾洛维奇,false,true
103988,João Nuno,ジョアン ヌーノ,若昂·努诺,false,true
103998,C. Gamel,クリストフ ギャメル,克里斯托弗·加梅尔,false,true
103999,Devan Kuppusamy,デヴァン クップサミ,,false,true
104000,J. McAllister,ジェイミー マカリスター,杰米·麦卡利斯特,true,true
104001,Yusri Che Lah,ユースリ チェー ラー,尤斯里·切·拉,true,true
104002,Wan Rohaimi,ワン ロハイミ,万·罗海米,true,true
104003,Maniam P.,マニアム パチャイアッパン,马尼亚姆·帕查亚潘,true,true
104004,J.P. De Marigny,ジャン ポール デ マリニー,让·保罗·德马里尼,false,true
104005,Aidil Sharin,アイディル シャリン,艾迪尔·沙林,true,true
104006,Elavarasan E.,エラヴァラサン エランゴワン,埃拉瓦拉桑·埃兰戈万,true,true
104007,Akmal Rizal,アクマル リザル,,false,true
104024,Alan McCann,アラン マッキャン,阿兰·麦卡恩,false,true
104026,Imaya Naoki,今矢 直城,今矢直城,true,true
104032,Okuma Yuji,大熊 裕司,大熊裕司,true,true
104057,Mario Ivanković,マリオ イヴァンコヴィッチ,马里奥·伊万科维奇,false,true
104068,Tengku Hazman,テンク ハズマン,滕库·哈兹曼,true,true
104077,Gert Engels,ゲルト エンゲルス,格特·恩格斯,false,true
104078,Tsukahara S.,塚原 真也,塚原真也,true,true
104079,Makino Tomoaki,槙野 智章,槙野智章,true,true
104080,Funakoshi Yuzo,船越 優蔵,船越优藏,true,true
104082,Dennis Schmitt,デニス シュミット,丹尼斯·施密特,false,true
104083,Jens Wissing,イェンス ヴィッシング,延斯·维辛,true,true
104085,Takahashi Yuki,高橋 勇菊,高桥勇菊,true,true
104086,Bartosch Gaul,バルトシュ ガウル,巴托施·高尔,true,true
104090,Marvin Bartley,マーヴィン バートリー,马文·巴特利,false,true
104093,Paolo Sammarco,パオロ サンマルコ,保罗·萨马尔科,false,true
104096,V. Vujović,ヴラデイミル ヴヨヴィッチ,弗拉基米尔·武约维奇,true,true
104099,Rob Vincent,ロブ ヴィンセント,罗布·文森特,false,true
104100,Levent Şahin,レヴェント シャヒン,莱文特·沙欣,false,true
104101,Jay Heaps,ジェイ ヒープス,杰伊·希普斯,false,true
104104,Erling Moe,アーリン モー,埃尔林·穆厄,false,true
104105,Hemmi Masaki,辺見 昌樹,边见昌树,false,true
104109,A. Limbrick,アンソニー リンブリック,安东尼·利布里克,false,true
104119,Gil Lameiras,ジウ ラメイラス,吉尔·拉梅拉斯,true,true
104121,Craig McLeish,クレイグ マクリーシュ,克雷格·麦克利什,true,true
104139,Rajan Koran,ラジャン コラン,拉詹·科兰,true,true
104141,Juan Torres,ファン トーレス,胡安·托雷斯,true,true
104142,Simon Bird,サイモン バード,西蒙·伯德,false,true
104147,Tsukada Yuji,塚田 雄二,冢田雄二,true,true
104148,Lee Jung-Soo,イ チョンス,李正秀,false,true
104151,Mustafa Aksoy,ムスタファ アクソイ,穆斯塔法·阿克索伊,false,true
104153,Tanaka Tatsuya,田中 達也,田中达也,true,true
104154,Scott Arfield,スコット アーフィールド,斯科特·阿菲尔德,false,true
104155,Otani Takefumi,大谷 武文,大谷武文,true,true
104156,Z. Fitree Ishak,ザイルル フィッツリーイスハク,Z·菲特里·伊沙克,true,true
104160,Arnon Bandasak,アーノン バンダーサーク,阿农·班达萨,true,true
104161,Sérgio Fonseca,セルジオ フォンセカ,塞尔吉奥·丰塞卡,true,true
104165,S. Küçükbayrak,セルタッチ キュチュクバイラク,塞尔塔奇·库丘克巴伊拉克,true,true
104171,Harnarong C.,ハーンナローン C.,哈纳荣·春哈库纳功,true,true
104172,Uğur Uçar,ウーウル ウチャル,乌乌尔·乌恰尔,true,true
104174,João Gião,ジョアン ジアン,若昂·吉昂,false,true
104210,A. Johansson,アルフレド ヨハンソン,阿尔弗雷德·约翰逊,false,true
104223,Abel Mourelo,アベル モウレロ,阿贝尔·莫雷诺,false,true
104224,Sérgio Ferreira,セルジオ フェヘイラ,塞尔吉奥·费雷拉,false,true
104225,Yoshimoto T.,吉本 岳史,吉本岳史,false,true
104231,Myojin Tomokazu,明神 智和,明神智和,false,true
104232,Filipe Coelho,フィリピ コエーリョ,菲利佩·科埃略,false,true
4194305,R. Martínez,ロベルト マルティネス,罗伯托·马丁内斯,true,true
4194321,Rudi Garcia,リュディ ガルシア,鲁迪·加西亚,true,true
4194330,Gennaro Gattuso,ジェンナーロ ガットゥーゾ,詹纳罗·加图索,true,true
4194333,V. Montella,ヴィンチェンツォ モンテッラ,文森佐·蒙特拉,true,true
4194394,Ståle Solbakken,ストーレ ソルバッケン,斯塔勒·索尔巴肯,true,true
4194444,D. Deschamps,ディディエ デシャン,迪迪埃·德尚,true,true
4194507,Zlatko Dalić,ズラトコ ダリッチ,兹拉特科·达利奇,true,true
4194654,Ronald Koeman,ロナルド クーマン,罗纳德·库曼,true,true
4194694,Jan Urban,ヤン ウルバン,扬·乌尔班,true,true
4294674,Anthony Hudson,アンソニー ホジソン,安东尼·哈德森,true,true
4295031,S. Beccacece,セバスティアン ベッカセセ,塞瓦斯蒂安·贝卡切切,true,true
4295075,L. Spalletti,ルチアーノ スパレッティ,卢西亚诺·斯帕莱蒂,false,true
4295122,Thomas Tuchel,トーマス トゥヘル,托马斯·图赫尔,true,true
4295265,Ishii Masatada,石井 正忠,石井正忠,false,true
4296111,Lionel Scaloni,リオネル スカローニ,利昂内尔·斯卡洛尼,true,true
4296437,P. Cklamovski,ピーター クラモフスキー,彼得·克拉科夫斯基,true,true
4296538,J. Nagelsmann,ユリアン ナゲルスマン,尤利安·纳格尔斯曼,true,true
4297638,P. Kluivert,パトリック クライファート,帕特里克·克鲁伊维特,false,true
8388612,Eum Yeongjun,ウム ヨンジュン,阴勇俊,true,true
8388638,Sotirio Tellini,ソティリオ テッリーニ,西蒂里奥·泰利尼,true,true
8388639,Galileo Berio,ガリレオ ベリオ,加利莱奥·贝里奥,true,true
8388641,Adolfo Solinas,アドルフォ ソリナス,阿道夫·索利纳斯,false,true
8388658,Samuel Raya,サムエル ラジャ,萨穆埃尔·拉亚,true,true
8388660,Cristo Valbuena,クリスト バルブエナ,克里斯托·巴尔武埃纳,true,true
8388677,Damia Culebras,ダミア クレブラス,达米亚·库莱布拉斯,true,true
8388678,Laurenço Serpa,ラウレンソ セルパ,劳伦科·塞尔帕,true,true
8388690,Santi Bermejo,サンティ ベルメホ,桑蒂·贝尔梅霍,false,true
8388693,Eve Coronado,エバートン コロナド,埃弗顿·科罗纳多,true,true
8388695,Quiqe Morieda,キケ モリエーダ,基克·莫里埃达,true,true
8388696,Aritz Alcaide,アリッツ アルカイデ,阿里茨·阿尔凯德,true,true
8388701,Salva Doron,サルバ ドゥロン,萨尔瓦·多龙,true,true
8388714,Giovam Ripa,ジョバンバッティスタ リーパ,焦万巴蒂斯塔·里帕,true,true
8388716,Raf Console,ラフ コンソーレ,拉夫·孔索莱,false,true
8388718,Dante Macchio,ダンテ マッチオ,丹特·马基奥,true,true
8388721,Frank Pietri,フランク ピエトリ,弗兰克·彼得里,false,true
8388722,Jason Skaer,ジェイソン スケア,杰森·斯卡,true,true
8388732,Lance Boucher,ランス バウチャー,朗斯·鲍彻,true,true
8388735,Zuriel Convery,ズリエル コンヴェリー,祖里埃尔·康韦利,false,true
8388752,Didac Viola,ディダック ビオラ,迪达克·比奥拉,true,true
8388755,Sacco Vink,サコ フィンク,萨科·芬克,true,true
8388758,Evert J. Postma,エフェルト ヤン ポストマ,埃弗尔特-扬·波斯特马,true,true
8388768,German de Landa,ヘルマン デ ランダ,赫尔曼·德兰达,true,true
8388774,Jarabe Bayo,ハラベ バヨ,哈拉贝·巴约,false,true
8388778,Tomas del Campo,トマス デル カンポ,托马斯·德尔坎波,true,true
8388779,Florentino Lopo,フロレンティノ ロポ,弗洛伦蒂诺·洛波,true,true
8388780,Hilari Cererols,イラリオ セレロールス,伊拉里奥·塞莱罗尔斯,true,true
8388805,Francisco Erice,フランシスコ エリセ,弗朗西斯科·埃里塞,true,true
8388806,Julen Abril,フレン アブリル,胡伦·阿夫里尔,false,true
8388824,Luis A. Roman,ルイス アルベルト ロマン,路易斯-阿尔维托·罗曼,true,true
8388829,Blas Weindler,ブラス バインドラー,布拉斯·魏因德勒,false,true
8388837,Sergio C. Real,セルジオ コルテ レアル,塞尔吉奥·科尔特-雷亚尔,true,true
8388845,Mario Saura,マリオ サウラ,马里奥·绍拉,false,true
8388846,F. Amatriain,ファウスト アマトリアイン,福斯托·阿马特里安,true,true
8388847,Carl Herz,カール ハーツ,卡尔·赫茨,false,true
8388848,Gaspard Massé,ガスパール マセ,加斯帕尔·马斯,true,true
8388854,Amédée Foch,アメデ エルネスト フォッシュ,阿梅代-埃内斯特·福修,true,true
8388863,Louis Voynet,ルイ フェルディナン ヴォワネ,路易-费迪南·瓦内,true,true
8388868,Pierre Marteau,ピエール マルトー,皮埃尔·马尔托,true,true
8388870,Alph Hignard,アルフォンス イニャール,阿尔方斯·伊纳,true,true
8388874,Guy Bisserrier,ギー ビザリア,居伊·比塞里埃,true,true
8388877,Oscar Karmona,オスカル カルモナ,奥斯卡·卡尔莫纳,true,true
8388880,Hank Braun,ハンク ブラウン,汉克·布朗,false,true
8388883,Egoitz Aragon,エゴイツ アラゴン,埃戈伊茨·阿拉贡,false,true
8388887,Laurenço P.,ラウレンソ ペサーニャ,劳伦科·佩萨尼亚,true,true
8388889,Fran Eizaguirre,フランセスク イサギーレ,弗兰塞斯克·埃萨奇尔,false,true
8388891,Hernan Santos,エルナン サントス,埃尔南·桑托斯,true,true
8388901,Martin Ezquerro,マルティン エスケーロ,马丁·埃斯克罗,true,true
8388905,Clementio Ayres,クレメンティオ アイレス,克莱门蒂奥·艾雷斯,true,true
8388922,Ricard Philby,リチャード フィルビー,里卡德·菲尔比,true,true
8388930,Poul Mathiesen,ポウル マタイセン,波尔·马蒂森,true,true
8388937,Reveriano Saura,レベリアーノ サウラ,雷维里亚诺·绍拉,false,true
8388941,Hernan Barrera,エルナン バレーラ,埃尔南·巴雷拉,true,true
8388945,Amancio Galindo,アマンシオ ガリンド,阿曼西奥·加林多,true,true
8388966,S. Landaluze,サンドロ ランダルセ,桑德罗·兰达尔塞,true,true
8388969,Bernar Framery,ベルナルダン フラムリー,贝尔纳丹·弗拉梅里,true,true
8388982,Jacopo Haller,ヤコポ ハラー,雅各布·哈莱尔,false,true
8388983,Amil De Stefani,アミルカーレ デ ステファニ,阿米尔卡雷·德斯特凡尼,true,true
8388987,Romolo Cardullo,ロモロ カルドゥロ,罗莫洛·卡尔杜洛,true,true
8388989,Braulio Falasca,ブラウリオ ファラスカ,布劳略·法拉斯卡,false,true
8388996,Thiago Llull,ティアゴ リュル,蒂亚戈·吕利,true,true
8388997,Rafael Barreto,ハファエウ バレト,拉斐尔·巴雷托,true,true
8389000,Q. Bisserrier,クァンタン ビザリア,凯坦·比塞里埃,true,true
8389003,Bojan Visedo,ボヤン ビセド,博罕·比塞多,false,true
8389009,Inacio Andrade,イナシオ アンドラージ,伊纳西奥·安德拉德,true,true
8389015,F. Landaluze,ファウスト ランダルセ,福斯托·兰达尔塞,true,true
8389016,Timo de Falla,ティモ デ ファリャ,蒂莫·德法利亚,true,true
8389020,Cesar Guiza,セサル グイサ,塞萨尔·古伊萨,true,true
8389023,Tiago Chueca,ティアゴ チュエーカ,蒂亚戈·楚埃卡,true,true
8389025,Fraizer Helson,フレイザー ヘルソン,弗雷泽·赫尔森,false,true
8389026,Xanti Sanches,サンチ サンシェス,尚蒂·桑谢斯,true,true
8389027,Thomas Gurpegui,トーマス グルペギ,托马斯·古尔佩希,true,true
8389043,Sjef Martens,スイェフ マルテンス,希耶夫·马滕斯,true,true
8389045,Ermanno Tebaldi,エルマンノ テバルディ,埃尔曼诺·泰巴尔迪,false,true
8389054,Chris Hamel,クリストファー ハーメル,克里斯托弗·哈梅尔,false,true
8389092,Melchio Troisi,メルキオッレ トロイージ,梅尔基奥雷·特罗伊西,true,true
8389106,Endika Moron,エンディカ モロン,恩迪卡·莫隆,true,true
8389121,Alfonso Valero,アルフォンソ バレーロ,阿方索·巴莱罗,true,true
8389132,Gabino Alkorta,ガビーノ アルコルタ,加维诺·阿尔科塔,false,true
8389477,Yaghub Nasser,ヤグブ ナセル,亚古卜·纳赛尔,true,true
8389510,Talat Wadud,タラト ワドゥド,塔拉特·瓦杜德,true,true
8389511,Amin Boulos,アミン ブロス,阿明·布洛斯,true,true
8389515,Dani Grimau,ダニ グリマウ,达尼·格里莫,true,true
8389782,Krystiyan Šakić,クリスティヤン シャキッチ,克里斯蒂安·沙基奇,true,true
8389790,Bogomil Kirov,ボゴミル キロフ,博戈米尔·基洛夫,true,true
8389815,Marino Saral,マリノ サラル,马里诺·萨拉尔,false,true
8389816,Manjarin Roteta,マンハリン ロテタ,曼哈林·罗特塔,false,true
8389819,Simon Curbelo,シモン クルベロ,西蒙·库尔维洛,false,true
8389823,Danylko Bišcan,ダニルコ ビシュツァン,达尼尔科·比斯察恩,false,true
8389824,Domagoj Vukić,ドマゴイ ヴキッチ,多马戈伊·武基奇,true,true
8389825,Domagoj Perko,ドマゴイ ペルコ,多马戈伊·佩尔科,false,true
8389826,Chris Votsis,クリス ヴォツィス,克里斯·沃齐斯,false,true
8389834,Peder Kvint,ペーダー クヴィント,彼泽·昆特,false,true
8389835,Elias Ballada,エリアス バラーダ,埃利亚斯·巴拉达,false,true
8389838,Jonas McCallum,ジョナス マッカラム,乔纳斯·麦卡勒姆,false,true
8389844,Andrew Hogan,アンドリュー ホーガン,安德鲁·霍根,false,true
8389846,Ioan Griesbach,ヨアン グリースバック,约安·格里斯巴赫,false,true
8389847,Jay Ewing,ジェイ ユーイング,杰伊·尤因,false,true
8389848,Micha Letley,マイカ レトリー,米查·莱特利,false,true
8389850,Watkin Dirac,ワトキン ディラック,沃特金·迪拉克,false,true
8389852,Sand Hinchliffe,サンダー ヒンクリフ,桑德·欣克利夫,false,true
8389855,Inglis Kerridge,イングリス ケリッジ,英格利斯·克里奇,false,true
8389856,Heston Branson,ヘストン ブランソン,赫斯顿·布兰森,false,true
8389857,Kieron Henryson,キーロン ヘンリンソン,基隆·亨利森,false,true
8389858,Regi Goldberg,レジナルド ゴールドバーグ,雷金纳德·戈德堡,false,true
8389859,Malcom Craddock,マルコム クラドック,马尔科姆·克拉多克,false,true
8389860,Freddie Bain,フレディ ベイン,弗雷迪·贝恩,false,true
8389861,Elis Calzaghe,エリス カルザゲ,伊利斯·卡尔扎革,true,true
8389862,François Bar,フランソワ グザヴィエ バール,弗朗索瓦-扎格维埃·巴尔,true,true
8389863,Rod Defontaine,ロドリグ ディフォンテーヌ,罗德里格·德方丹,true,true
8389864,Gegene Sinclair,ジェジェーヌ シンクレア,热热内·辛克莱,false,true
8389865,Toscan Carman,トスカン カルマン,托斯坎·卡曼,false,true
8389866,C. La Houssaye,セレスタン ラ ウサイユ,塞莱斯坦·拉乌赛,false,true
8389868,Feodor Lauris,フェオドール ロリス,费奥多尔·洛里斯,false,true
8389869,F. Lemercier,ファブリス ルメルシエ,法布里斯·勒梅西埃,false,true
8389870,Jules Galliot,ジュール アンリ ギャリオ,朱尔-亨利·加利奥,false,true
8389871,Cyril Falzon,シリル ファルゾン,西里尔·法尔宗,false,true
8389873,Sabri Audran,サブリ オードラン,萨布里·奥德朗,false,true
8390007,Georg Aldag,ゲオルグ アルダグ,格奥尔格·阿尔达格,true,true
8390810,Baltsar Stroem,バルトサール ストレーム,巴尔特萨尔·斯特伦,true,true
8390811,Ivan Shjejko,イワン シェイコ,伊万·什耶科,true,true
8390812,Pavao Blaškić,パヴァオ ブラシュキッチ,帕瓦奥·布拉斯基奇,true,true
8390813,Hamed Yusuf Ali,ハメド ユスフ アリ,哈米德·优素福-阿里,true,true
8390814,Khalid Talib,ハリド タリブ,哈立德·塔利布,true,true
8390815,Esme Knightley,エズメ ナイトリー,埃斯米·奈特利,true,true
8390816,Boris Rankl,ボリス ランクル,鲍里斯·兰克尔,true,true
8390819,Alperen Everen,アルペレン エヴェレン,阿尔佩伦·埃韦伦,true,true
8390820,Admir Bukvić,アドミル ブクヴィッチ,阿德米尔·布克维奇,true,true
8390821,Gavril Pavlov,ガヴリル パヴロフ,加夫里尔·帕夫洛夫,true,true
8390822,Matviyko Šakić,マトヴィイコ シャキッチ,马特维科·沙基奇,true,true
8390823,Myhaltso Franić,ミハルトソ フラニッチ,米哈尔索·弗拉尼奇,true,true
8390824,Adam Ryba,アダム リバ,亚当·里巴,true,true
8390826,Wilfrid Knell,ウィルフリッド ネル,威尔弗里德·奈尔,true,true
8390827,Nico Bjorkstam,ニコ ビョルクスタム,尼科·比约克斯塔姆,true,true
8390836,Ludovic Kalfon,リュドヴィック カルフォン,卢多维克·卡尔丰,true,true
8390837,Gerwin Richartz,ゲルヴィーン リヒャルツ,格温·里夏茨,true,true
8390839,Daphne Notaras,ダフネ ノタラス,达弗奈·诺塔拉斯,true,true
8390841,Vince Pinotti,ヴィンチェスラオ ピノッティ,维切斯劳·皮诺蒂,true,true
8390842,Thonus Prins,トヌス プリンス,托努斯·普林斯,true,true
8390843,Victor Krasko,ヴィクトール クラシコ,维克托·克拉斯科,true,true
8390844,Michael Cook,マイケル クック,迈克尔·库克,true,true
8390848,Gerard Aracil,ジェラール アラシル,赫拉德·阿拉西尔,true,true
8390849,Chris Boork,クリストフェル ボールク,克里斯托弗·博克,true,true
8390850,Vsevolod Khotya,ウセウォロド ホトヤ,弗谢沃洛德·霍佳,true,true
8390857,Joseba Iraizoz,ホセバ イライソス,何塞巴·伊莱索斯,true,true
8390859,Iban Gordillo,イバン ゴルディーリョ,伊万·戈迪略,true,true
8390898,Salman Waleed,サルマン ワレード,萨勒曼·瓦利德,true,true
8390899,Andriy Likhno,アンドリイ リフノ,安德里·利赫诺,true,true
8390904,Daniel Coghen,ダニエル コーエン,丹尼尔·科恩,false,true
8390905,Jacomo Rabal,ハコモ ラバル,哈科莫·拉瓦尔,false,true
8390952,Kings Toshack,キングズリイ トシャック,金斯利·托沙克,true,true
8390954,D. Melachrino,ディアン メラクリーノ,德扬·梅拉克里诺,true,true
8390955,Alton Golding,オルトン ゴールディン,奥尔顿·戈尔丁,true,true
8390956,Barney Widdows,バーニー ウィドウズ,巴尼·威多斯,false,true
8390960,Dugald Glenn,ドゥーガルド グレン,杜格尔·格伦,true,true
8390971,Kirk Florio,カーク フロリオ,柯克·弗洛里奥,true,true
8390975,Adolf Vadim,アドルフ ヴァディム,阿道夫·瓦迪姆,true,true
8390981,Sid Cousins,シド カズンズ,锡德·卡曾斯,true,true
8390987,V. Yarovoi,ウセウォロド ヤロウォイ,弗谢沃洛德·亚罗沃伊,false,true
8390991,Orlando Draper,オーランド ドレイパー,奥兰多·德雷珀,true,true
8390995,Gene Toregrosa,ヘネ トレグローサ,赫内·托莱格罗萨,false,true
8390997,Nusret Ratković,ヌスレト ラトコヴィッチ,努斯雷特·拉特科维奇,false,true
8390998,Boyko Stanev,ボイコ スタネフ,博伊科·斯塔内夫,true,true
8390999,Alern Katičić,アレン カティチッチ,阿莱恩·卡蒂契奇,true,true
8391007,Georg Knudsen,ゲーオウ クヌドセン,格奥尔·克努森,true,true
8391011,Sasa Kauffmann,ササ カウフマン,萨萨·考夫曼,true,true
8391014,Wiljan Vos,ウィルヤン フォス,维尔扬·福斯,true,true
8391017,Armando Baraja,アルマンド バラハ,阿曼多·巴拉哈,true,true
8391022,Slaven Tkalić,スラヴェン トカリッチ,斯拉文·特卡利奇,false,true
8391025,Dewey Ryley,デューイ ライリー,杜威·赖利,true,true
8391030,Nakib Seksan,ナキブ セクサン,纳基布·塞克桑,false,true
8391036,Gladys Rodwell,グラディス ロッドウェル,格拉迪斯·罗德韦尔,true,true
8391041,Eva Boccherini,エヴァージオ ボッケリーニ,埃瓦西奥·博凯里尼,true,true
8391042,Niek Hendriks,ニーク ヘンドリクス,尼克·亨德里克斯,true,true
8391052,B. Siegenthaler,ベネット シーゲンターラー,贝内特·西根塔勒,true,true
8391054,Jose Sorozabal,ホセ ソロサバル,何塞·索罗萨瓦尔,false,true
8391061,Leos Barak,レオシュ バラーク,莱奥斯·巴拉克,false,true
8391062,Cris Berthelsen,クリストフェル ベルテルセン,克里斯托弗·贝特尔森,true,true
8391072,Helge Prim,エルゲ プリム,埃尔格·普里姆,true,true
8391089,Alex Farinos,アレックス ファリノス,亚历克斯·法里诺斯,true,true
8391091,Erol Sönmez,エロル ションメズ,埃罗尔·肖恩梅兹,true,true
8391092,Gojko Krstić,ガイコ クルスティッチ,戈伊科·克尔斯蒂奇,true,true
8391096,Ivan Stupar,イヴァン ストゥパル,伊万·斯图帕尔,true,true
8391098,Ivo Antić,イヴォ アンティッチ,伊沃什·安蒂奇,false,true
8391105,Vince Schnebel,ヴィンツェンツ シュネーベル,文岑茨·施内贝尔,true,true
8391106,Siegbert Danner,ジークベルト ダナー,西格贝特·丹纳,true,true
8391146,Matviyko Vokić,マトヴィイコ ヴォキッチ,马特维科·沃基奇,true,true
8391147,Pavao Stosić,パヴァオ ストシッチ,帕瓦奥·索托西奇,true,true
8391152,Auguste Mirouze,オーギュスト ミルーズ,奥古斯特·米鲁兹,true,true
8391153,Hart Von Pocci,ハルトヴィヒ フォン ポッチ,黑特维希·冯-波奇,true,true
8391156,Joris Martens,ヨリス マルテンス,约里斯·马滕斯,true,true
8391159,Gorca Weindler,ゴルカ バインドラー,戈尔卡·魏因德勒,true,true
8391174,Massud Uthman,マスウド ウトマン,马苏德·奥斯曼,false,true
8391185,Gökmen Sunay,ギョクメン スナイ,戈克门·苏纳伊,true,true
8391189,Orynko Vlahović,オリンコ ヴラホヴィッチ,奥林科·弗拉霍维奇,true,true
8391215,Erwin Richartz,エルヴィン リヒャルツ,埃尔温·里夏茨,true,true
8391219,Kurt Polverini,クルト ポルヴェリーニ,库尔特·波尔韦里尼,true,true
8391252,Mustafa Çinar,ムスタファ チナル,穆斯塔法·基纳尔,true,true
8391255,Maryska Kozniku,マリスカ コズニク,马里斯卡·科兹尼库,false,true
8391256,Ivo Pogorelić,イヴォ ポゴレリッチ,伊沃什·波戈雷利奇,true,true
8391262,Adalbech Kockel,アーダルブレヒト コッケル,阿达尔贝赫·科赫尔,true,true
8391277,Roldan Alesanco,ロルダン アレサンコ,罗尔丹·阿莱桑科,true,true
8391285,Levi McClair,レヴィ マクレイアー,利维·麦克莱尔,true,true
8391288,Guntram Oeser,グントラム エーザー,贡特拉姆·厄泽尔,true,true
8391291,Thijme de Leeuw,テイメ デ レーウ,泰梅·德莱乌,true,true
8391292,Revo Zhiganshin,レヴォリ ジガンシン,列沃尔·日坚欣,true,true
8391293,Pascal Hession,パスカル ヘッション,帕斯卡尔·赫申,true,true
8391294,Jacinto Lleo,ハシント リェオ,哈辛托·列奥,true,true
8391295,Seba Hammerth,セバスティアン ハンメルト,塞巴斯蒂安·汉默特,true,true
8391296,Oleksa Kravchuk,オレクサンドル クラウチュク,奥列克桑德尔·克拉夫丘克,true,true
8391297,Drago Mucnjak,ドラゴ ムチニャク,德拉戈·姆奇尼亚克,true,true
8391298,Zia Hikmat,ジア ヒクマト,齐亚·希克迈特,true,true
8391299,Hassane Raed,ハッサン ラエド,哈桑·拉伊德,true,true
8391300,Rospo Telford,ロスポ テルフォード,罗斯波·特尔福德,true,true
8391301,Giles Auden,ジャイルズ オーデン,贾尔斯·奥登,true,true
8391302,Timo Laporta,ティモ ラポルタ,蒂莫·拉波尔塔,true,true
8391303,Louis Berruet,ルイス ベルエト,路易斯·贝鲁特,true,true
8391304,Yakup Dinçoz,ヤクプ ディンチョズ,雅库普·丁科兹,true,true
8391305,Hivzija Pasić,ヒヴジヤ パシッチ,希夫齐亚·帕西奇,true,true
8391306,Stoian Penev,ストイアン ペネフ,斯托扬·佩内夫,true,true
8391307,Edin Tokić,エディン トキッチ,埃丁·托基奇,true,true
8391308,Nikora Vlahović,ニコラ ヴラホヴィッチ,尼科拉·弗拉霍维奇,true,true
8391309,Adalbert Brada,アダルベルト ブラダ,阿达尔贝特·布拉达,true,true
8391310,Magnus Kuruse,マグヌス クルーセ,马格努斯·库鲁塞,true,true
8391311,Powell Leahy,パウエル レーヒイ,鲍威尔·莱希,true,true
8391312,Y. Ronneholm,イレルミ ロネホルム,于莱米·龙内霍尔姆,true,true
8391314,Giraud Varese,ジロー ヴァレーズ,吉罗·瓦雷兹,true,true
8391315,Giuseppe Davico,ジュゼッペ ダヴィコ,朱塞佩·达维科,true,true
8391316,A. Papanikolaou,アエティオス パパニコラウ,埃蒂奥斯·帕帕尼古拉乌,true,true
8391317,Omero Rosi,オメロ ロージ,奥梅罗·罗西,true,true
8391318,Levien Jacobs,レヴィーン ヤコブス,莱维恩·雅各布斯,true,true
8391319,Feodor Sedykh,フョードル セディフ,费奥德尔·谢德赫,true,true
8391320,Bart Hobbs,バート ホッブス,巴特·霍布斯,true,true
8391321,Abel Lobo,アベル ロボ,阿维尔·洛沃,true,true
8391322,Maart Oesterman,モルテン エステルマン,马尔滕·厄斯特曼,true,true
8391323,Viktor Kalyvod,ウィクトル カリウォド,维克托·卡雷沃德,true,true
8391324,Andre Miličić,アンドレ ミリチッチ,安德烈·米利契奇,true,true
8391325,Anas Hafeez,アナス ハフィーズ,阿纳斯·哈菲兹,true,true
8391326,Karim Raed,カリム ラエド,卡里姆·拉伊德,true,true
8391327,Frances Ran,フランシス ラン,弗朗西斯·拉恩,true,true
8391328,I. Bazalgette,イングリス バザルゲット,英格利斯·巴泽尔杰特,true,true
8391329,German Oriol,ヘルマン オリオール,赫尔曼·奥里奥尔,true,true
8391330,Josetxo Ocio,ホセチョ オシオ,何塞特索·奥西奥,true,true
8391331,Zerrin Ataizi,ゼリン アタイジ,泽林·阿塔伊济,true,true
8391332,Mirko Aleksić,ミルコ アレクシッチ,米尔科·阿列克西奇,true,true
8391333,Stoian Beron,ストイアン ベロン,斯托扬·贝龙,true,true
8391334,Pero Cvitanović,ペーロ ツビタノビッチ,佩罗·茨维塔诺维奇,true,true
8391335,Edin Polancec,エディン ポランチェツ,埃丁·波兰切茨,true,true
8391336,Leos Hrbac,レオシュ ハルバーチュ,莱奥斯·赫尔巴奇,true,true
8391337,Ludvig Dalby,ルドヴィ ダルビィ,卢兹维·达尔比,true,true
8391338,Don Sullivan,ドン サリヴァン,唐·沙利文,true,true
8392608,Raim Ylianttila,ライモ ユリアンティラ,拉伊莫·于连蒂拉,true,true
8392610,Nor Reinthaler,ノーマン ラインターラー,诺曼·赖因塔勒,false,true
8392613,R. Jan de Lange,ロベルト ヤン デ ランヘ,罗贝特-扬·德兰赫,true,true
8392625,Santi Marti,サンティ マルティ,桑蒂·马蒂,false,true
8392636,Otmar Carste,オトマール カルステ,奥特马尔·卡斯特,true,true
8392638,Amad Materazzi,アマデオ マテラッツィ,阿马德奥·马泰拉齐,true,true
8392639,Kasper Bosch,カスペル ボス,卡斯佩尔·博斯,true,true
8392651,Moises Fajer,モイセス ファイエル,莫伊塞斯·法赫尔,true,true
8392655,Fadeyka Radić,ファデイカ ラディチ,法迪卡·拉迪奇,true,true
8392708,Nicolas Viloca,ニコラス ビロカ,尼古拉斯·比洛卡,true,true
8392712,Zdenek Cernoch,ズデニェク チェルノフ,兹德涅克·切尔诺赫,false,true
8392715,Enos McGreal,イーノス マグリール,伊诺斯·麦格雷尔,true,true
8488609,Daniel Piscopo,ダニエル ピスコーポ,达尼埃尔·皮斯科波,true,true
8488610,Fred Arterton,フレデリック アータートン,弗雷德里克·阿特顿,true,true
8488611,Max Hanell,マックス ハネル,马克斯·哈内尔,true,true
8488612,Emmerich Vander,エメリッヒ ファンダー,埃梅里希·范德,true,true
8488613,Wernher Fesca,ヴェルンヘル フェスカ,韦恩赫尔·费斯卡,true,true
8488614,Harry Rellstab,ハリー レルシュタープ,哈里·雷尔斯塔布,true,true
8488694,Arthur Wagner,アルトゥール ヴァグナー,阿图尔·瓦格纳,true,true
8488733,Pierre L.Maiden,ピエール ルイ メイデン,皮埃尔-路易·梅登,true,true
8488738,Martin Tauler,マルティン タウレル,马丁·陶莱尔,true,true
8488740,Aitor Zahinos,アイトール サイノス,阿伊托·萨伊诺斯,true,true
8488742,Ender Çinar,エンデル チナル,恩代尔·基纳尔,true,true
8488746,Efren Chueca,エフレン チュエーカ,埃弗伦·楚埃卡,true,true
8488748,Romeo Larini,ロメーオ ラリーニ,罗密欧·拉里尼,true,true
8488752,Eladio Grimau,エラディオ グリマウ,埃拉迪奥·格里莫,true,true
8488755,Orlando Knight,オーランド ナイト,奥兰多·奈特,false,true
8488766,Mau Perriand,モーリス ペリアン,莫里斯·佩里安,true,true
8488776,Pim Martens,ピム マルテンス,皮姆·马滕斯,true,true
8488777,Laurens Evers,ラウレンス エフェルス,劳伦斯·埃弗斯,true,true
8488784,Egon Greening,エゴン グリーニング,埃贡·格林宁,true,true
8488792,Otto Castelo,オットー カステロ,奥托·卡斯特洛,true,true
8488800,Abel Maña,アベル マニャー,阿维尔·马纳,false,true
8488802,Jop Schipper,ヨプ スヒペル,约普·斯希佩尔,false,true
8488810,Barnaby Hearn,バーナビー ハーン,巴纳比·赫恩,true,true
8488824,Timoteo Antoni,ティモテオ アントーニ,蒂莫泰奥·安东尼,true,true
8488825,Edin Dragisić,エディン ドラギシッチ,埃丁·德拉吉西奇,false,true
8488835,Unai Saludes,ウナイ サルデス,乌奈·萨卢德斯,false,true
8488843,Le Roy Bradshaw,ルロイ ブラッドショー,勒罗伊·布拉德肖,true,true
8488845,Gustavo H.,グスタヴォ エンリケス,古斯塔沃·恩里克斯,false,true
8488854,Zijah Tuljkovic,ジヤフ トゥリコヴィッチ,日亚赫·图利科维奇,true,true
8488860,Theo. de Graaf,テオドルス デ フラーフ,特奥多鲁斯·德赫拉夫,true,true
8488871,Ansel Rauzzini,アンセルモ ラウッツィーニ,安塞尔莫·劳齐尼,true,true
8488903,D. Poncelet,ジブリル ポンスレ,吉布里尔·蓬斯莱,false,true
8488909,Iker Cota,イケル コタ,伊克尔·科塔,true,true
8488920,Wat Pryce,ワット プライス,沃特·普赖斯,true,true
8488923,Ramon Bermejo,ラモン ベルメホ,拉蒙·贝尔梅霍,true,true
8488954,Lamberto Barba,ランベルト バルバ,兰贝托·巴尔巴,true,true
8488963,Quique Arnau,キケ アルナウ,基克·阿尔瑙,true,true
8488980,Ciro Graffiedi,チロ グラッフィエディ,奇罗·格拉菲埃迪,false,true
8488981,Giro Baldato,ジローラモ バルダート,吉罗拉莫·巴尔达托,true,true
8488983,Fabian Sigle,ファビアン シグル,法比安·西格尔,true,true
8488988,Pedro Bermudo,ペドロ ベルムード,佩德罗·贝尔穆多,true,true
8488995,Baltasar Zabala,バルタサル サバラ,巴尔塔萨·萨瓦拉,false,true
8489029,G. Jorquera,ゴンサロ ジョルケーラ,贡萨洛·霍尔克拉,false,true
8489038,Boris Valido,ボリス バリド,鲍里斯·巴利多,true,true
8489067,Cristo Gene,クリスト ヘネ,克里斯托·赫内,false,true
8489098,Huug Peters,フーク ペテルス,赫乌赫·彼得斯,false,true
8489102,Angel Tielve,アンヘル ティエルブ,安赫尔·铁尔弗,false,true
8489106,Bojan del Olmo,ボヤン デル オルモ,博罕·德尔奥尔莫,true,true
8489118,Nic Mastrangelo,ニコロ マストランジェロ,尼科洛·马斯特兰杰洛,true,true
8489126,Ivo Dorado,イボ ドラード,伊沃·多拉多,false,true
8489129,Tarcisio Cocchi,タルチシオ コッキ,塔尔奇西奥·科基,true,true
8489133,German Doria,ジェルマン ドリア,热尔曼·多里亚,true,true
8489144,Galo Bartual,ガロ バルトゥアル,加洛·巴尔图阿尔,false,true
8489157,Donaldo Fogues,ドナルド フォゲス,唐纳多·福格斯,true,true
8489184,Manolo Torrello,マノロ トレジョ,马诺洛·托莱略,true,true
8489185,Iker Fajer,イケル ファイエル,伊克尔·法赫尔,true,true
8489193,Egoi Cipitra,エゴイ シピトラ,埃戈伊·西皮特拉,true,true
8489202,Bever Stanley,ビヴァリー スタンリー,贝弗利·斯坦利,true,true
8489206,Alphonse Boyer,アルフォンス ボワイエ,阿尔方斯·布瓦耶,false,true
8489255,Tristão Goios,トリスタン ゴイオス,特里斯唐·戈约斯,true,true
8489299,Silvijn Maas,シルフェイン マース,希尔维恩·马斯,false,true
8489304,Fil Castelo,フィロメノ カステロ,费洛梅诺·卡斯特洛,true,true
8489314,Guido Narros,グウィード ナルロス,吉多·纳罗斯,true,true
8489317,Fran Escuredo,フランシスコ エスクレド,弗朗西斯科·埃斯库雷多,false,true
8489325,Merijn Kuijpers,メレイン カイペルス,梅赖恩·克伊珀斯,true,true
8489328,Quinito Batlle,キニート バトレ,基里托·巴特列,false,true
8489352,Charles Tiberi,シャルル ルイ ティベリ,夏尔-路易·蒂贝里,true,true
8489372,Aleix Curbelo,アレッシュ クルベロ,亚历克斯·库尔维洛,true,true
8489373,Ivo Corrales,イボ コラーレス,伊沃·科拉莱斯,true,true
8489379,Petro Ardemagni,ペトローニオ アルデマーニ,彼得罗尼奥·阿尔代马尼,true,true
8489404,Marc Codina,マルセリノ コディーナ,马塞利诺·科迪纳,true,true
8489443,Paulo St. Amans,ポーロ サン アマン,保罗·圣阿芒,false,true
8489444,Vivian Lynes,ヴィヴィアン ラインズ,维维安·莱恩斯,true,true
8489457,Hector Varela,エクトル バレラ,埃克托尔·巴雷拉,true,true
8489458,Lando Rastrelli,ランド ラストレッリ,兰多·拉斯特雷利,false,true
8489461,Nakor Marchena,ナコル マルチェナ,纳克尔·马切纳,true,true
8489462,Sebastião Gois,セバスチャン ゴイス,塞巴斯蒂昂·戈伊斯,true,true
8489494,Tonino Rivelli,アントニーノ リヴェリ,安东尼诺·里韦利,false,true
8489526,Kieron Hignett,キーロン ヒグネット,基隆·希格尼特,true,true
8489527,Arnou Lecaillon,アルノルフ ルカリヨン,阿诺尔菲·莱卡永,true,true
8489548,Fabio Aboim,ファビオ アボイム,法比奥·阿博因,true,true
8489554,Mario Debla,マリオ デブラ,马里奥·德夫拉,true,true
8489561,Fran Gene,フラン ヘネ,弗兰·赫内,true,true
8489605,Curtis Walthew,カーティス ウォルシュー,柯蒂斯·沃尔休,true,true
8489620,Duane McCormick,ドゥエイン マコーミック,杜安·麦考密克,true,true
8489625,Blais Gusmeroli,ブレーズ ギュスメロリ,布莱兹·古斯梅罗利,true,true
8489634,Laas van Veen,ラース ファン フェーン,拉斯·范费恩,true,true
8489644,Alojz Marić,アロイズ マリッチ,阿洛伊兹·马里奇,false,true
8489649,Greg Schober,グレゴリウス ショーバー,格雷戈留斯·朔贝尔,true,true
8489653,Herbert Catrufo,ハーバート カトルーフォ,赫伯特·卡特鲁弗,true,true
8489674,Ronald Pohle,ロナルド ポール,罗纳德·波勒,false,true
8489676,Max Fuchsberger,マックス フックスベルガー,马克斯·富克斯贝格尔,true,true
8489677,Ugo Bia,ウーゴ ビア,乌戈·比亚,true,true
8489678,Patrice Bisson,パトリス ビソン,帕特里斯·比松,false,true
8489680,Toni Aragon,トニ アラゴン,托尼·阿拉贡,false,true
8489682,Apolloius Uhde,アポロニウス ウーデ,阿波罗尤斯·乌赫德,true,true
8489686,Drazen Peternac,ドラゼン ペテルナツ,德拉任·彼得纳克,true,true
8489687,Adrian Lloret,アドリアン リョレート,阿德里安·略雷特,true,true
8489689,Nikolaus Heldt,ニコラウス ヘルト,尼古劳斯·黑尔特,true,true
8489707,Oswaldo Fons,オズバルド フォンス,奥斯瓦尔多·丰斯,true,true
8489715,N. Collonville,ニルス コロンヴィル,尼尔斯·科隆维莱,true,true
8489749,Lamberto Doni,ランベルト ドニ,兰贝托·多尼,true,true
8489757,Brigido Arca,ブリジド アルカ,布里吉多·阿尔卡,true,true
8489758,Frank Iznata,フランク イスナタ,弗兰克·伊斯纳塔,true,true
8489759,Paul Luke,ポール リューク,保尔·卢克,true,true
8489775,Gustavo Lima,グスタヴォ リマ,古斯塔沃·利马,true,true
8489822,Bigas Guixe,ビガス ギゼ,比加斯·吉塞,false,true
8489837,Myeong Daeui,ミョン デウィ,明台威,true,true
8489877,Alban Hary,アルバン アリー,阿尔邦·阿里,true,true
8489899,Constan Jepsen,コンスタンティン イェプセン,康斯坦丁·耶普森,false,true
8489901,Olaf Rubin,オラフ ルービン,奥拉夫·鲁宾,false,true
8489909,Verner Schluter,ヴェルネル スリュタ,维尔纳·施吕特,false,true
8489919,Frederik Rubin,フレデリク ルービン,弗雷德里克·鲁宾,true,true
8489926,C. Drachmann,クリスティアン ドラクマン,克里斯蒂安·德拉克曼,false,true
8489927,J. Sambrell,ホアキン サンブレル,华金·萨姆夫莱利,true,true
8489935,Enric Alkorta,エンリケ アルコルタ,恩里克·阿尔科塔,false,true
8489938,Alban Enthoven,アルバン エントーヴェン,阿尔邦·昂托旺,true,true
8489975,Christof Hocke,クリストフ ホッケ,克里斯托夫·霍克,true,true
8490009,Oleguer Ballus,オレゲール バリュス,奥莱格尔·巴路斯,true,true
8490072,Bi Changhyeong,ピ チャンヒョン,斐昌衡,true,true
8490110,Casimir Berry,カジミール ベリ,卡奇米尔·贝里,true,true
8490126,Jost Strube,ヨースト シュトラブ,约斯特·施特鲁贝,true,true
8490131,Aurelius Rubens,アウレーリウス ルーベンス,奥雷利乌斯·鲁本斯,true,true
8490133,Zuhaitz Vides,スハイツ ビデス,苏海茨·比德斯,false,true
8490154,Steffen Krag,ステファン クラーツ,斯特芬·克拉格,true,true
8490159,Jose V. Polonio,ホセ ビセンテ ポローニオ,何塞-维森特·普罗尼奥,true,true
8490160,Francisco Moneo,フランシスコ モネオ,弗朗西斯科·莫内奥,true,true
8490167,Carl Rink,カール エルンスト リンク,卡尔-恩斯特·林克,false,true
8490178,Teun Mulder,テウン ムルデル,特乌恩·米尔德,true,true
8490185,Jofre Fons,ホフレ フォンス,霍夫雷·丰斯,false,true
8490206,Gian Montero,ジャン カルロ モンテーロ,吉安-卡洛·蒙泰罗,false,true
8490207,Nat Ried,ナット リード,纳特·里德,true,true
8490214,L. Gabilondo,リパティン ガビロンド,利帕丁·加比龙多,false,true
8490218,Pierre Berchot,ピエール ベルショ,皮埃尔·贝尔绍,true,true
8490225,Steffen Berg,ステファン ベア,斯特芬·贝尔,false,true
8490227,Sami Emonet,サミー エモネ,萨米·埃莫内,false,true
8490241,Q. Timmermans,カインテイン ティメルマンス,昆泰恩·蒂梅尔曼斯,true,true
8490275,Adria Tarantino,アドリア タランティーノ,阿德里亚·塔兰蒂诺,true,true
8490276,Hubrecht Prins,フブレフト プリンス,赫布莱夫特·普林斯,false,true
8490278,Dani Randall,ダニ ランドール,达尼·兰德利,false,true
8490279,Severo Gavilan,セベーロ ガビラン,塞维罗·加维兰,false,true
8490303,Regal Soerensen,レガル セーレンセン,雷加尔·瑟伦森,false,true
8490337,Manager,監督,教练,true,true
8490338,Manager,監督,教练,true,true
8490339,Manager,監督,教练,true,true
8490340,Manager,監督,教练,true,true
8490341,Manager,監督,教练,true,true
8490342,Manager,監督,教练,true,true
8490343,Manager,監督,教练,true,true
8490344,Manager,監督,教练,true,true
8490368,Yordi Cosme,ジョルディ コスメ,约尔迪·科斯梅,false,true
8490376,Thom Perrault,トム ペロー,托姆·佩罗,true,true
8490377,François Pernet,フランソワ ペルネ,弗朗索瓦·佩尔内,false,true
8490381,Dionisio Bouzon,ディオニシオ ボウソン,迪奥尼西奥·博松,true,true
8490391,Zuriel Miliband,ズリエル ミリバンド,祖里埃尔·米利班德,true,true
8490402,Fran Brudieu,フラン ブルディエウ,弗兰·布鲁迪奥,true,true
8490409,Moise Tortolero,モイセス トルトレロ,莫伊塞斯·托尔托莱罗,true,true
8490429,Hob Rolt,ホブ ロルト,霍布·罗尔特,true,true
8490434,Jules Aubin,ジュール アンリ オーバン,朱尔-亨利·奥班,false,true
8490460,Joseph Ayton,ジョセフ エイトン,约瑟夫·艾顿,false,true
8490497,Rufus Kumpel,ルーファス カンペル,鲁弗斯·库姆佩尔,true,true
8490502,Oscar Rimonte,オスカル リモンテ,奥斯卡·里蒙特,false,true
8490506,Roldan Vales,ロルダン バレス,罗尔丹·巴莱斯,true,true
8490507,J.L.d. Mirabeau,ジャン リュック ド ミラボー,让-吕克·德米拉博,true,true
8490521,Lolo Corretja,ロロ コレチャ,洛洛·科雷特加,false,true
8490522,Lolo Terra,ロロ テラ,洛洛·特拉,false,true
8490539,Johann Knudsen,ヨハン クヌドセン,约翰·克努森,false,true
8490542,Casimir Saldiez,カシミーロ サルディエス,卡西米罗·萨尔迭斯,true,true
8490547,Hristo Lonati,フリスト ロナーティ,赫里斯托·洛纳蒂,true,true
8490558,Wassilij Kockel,ヴァシリー コッケル,瓦西利·科赫尔,false,true
8490560,Leone Gianella,レオーネ ジアネッラ,莱昂内·贾内拉,false,true
8490565,Luis P. Nozal,ルイス ペレス ノサル,路易斯-佩莱斯·诺萨尔,false,true
8490571,J. Monsarvache,ホセ エミリオ モンサルバチェ,何塞-艾米略·蒙萨尔瓦舍,true,true
8490573,Domingo Coixet,ドミンゴ コイシェ,多明戈·科伊夏,false,true
8490575,Emil Buzzegoli,エミーリオ ブッツェゴーリ,埃米利奥·布泽戈利,true,true
8490588,Octavio Loite,オクタビオ ロイテ,奥克塔维奥·洛伊特,true,true
8490591,Oswell Hambro,オズウェル ハンブロ,奥斯韦尔·汉布罗,true,true
8490604,Gas Odriozola,ガスパール オドリオソラ,加斯帕尔·奥德里奥索拉,true,true
8490606,Mikel Puigcorbe,ミケル プイグコルベ,迈克尔·普伊格科尔维,false,true
8490614,Galo Aranaz,ガロ アラナス,加洛·阿拉纳斯,true,true
8490618,Ionna Aleksic,イオンナ アレクシッチ,约恩纳·阿列克西奇,false,true
8490627,Agostinho G.,アゴスティーニョ ガリバウジ,阿戈什蒂纽·加里巴尔迪,true,true
8490668,Santos Manen,サントス マネン,桑托斯·曼恩,true,true
8490693,Nicolas Febel,ニコラス フェーベル,尼古拉斯·费贝尔,false,true
8490702,Ray Lonsdale,レイモン ロンズデール,雷蒙·朗斯代尔,true,true
8490708,Kobus Veenstra,コブス フェーンストラ,科布斯·费恩斯特拉,false,true
8490712,Egoitz Manen,エゴイツ マネン,埃戈伊茨·曼恩,true,true
8490793,Jamale Loit,ジャマル ロア,雅马尔·洛伊特,true,true
8490799,Quincey Deller,クインシー デラー,昆西·德勒,true,true
8490818,Michael Dullin,ミッシェル デュラン,米夏埃尔·迪兰,false,true
8490835,Alef Goios,アレフィ ゴイオス,阿莱夫·戈约斯,false,true
8490843,Rafael Chapi,ラファエル チャピ,拉斐尔·查皮,true,true
8490845,Sven Roters,スヴェン ロータース,斯文·罗特斯,true,true
8490856,P. Napolitano,プリモ ナポリターノ,普里莫·纳波利塔诺,false,true
8490866,Paul Rasch,パウル ラス,保罗·拉施,false,true
8490868,Simon Pantoja,シモン パントーハ,西蒙·潘托哈,true,true
8490872,Regino Ojea,レジーノ オヘア,雷西诺·奥赫亚,true,true
8490892,Marc de Cabezon,マルク デ カベソン,马克·德卡维松,true,true
8490950,E. Trintignant,エルネスト トランティニャン,埃内斯特·特兰蒂尼昂,false,true
8490957,Isidoro Bollain,イシドロ ボリャン,伊西多罗·博利安,false,true
8490969,Bruce Noble,ブルース ノーブル,布鲁斯·诺布尔,false,true
8490971,Fermin Cañas,フェルミン カニャス,费尔明·卡纳斯,false,true
8491014,Miguel Cabañas,ミゲル カバーニャス,米格尔·卡巴纳斯,true,true
8491018,Bert Frappier,ベルトラン フラピエール,贝特朗·弗拉皮耶,false,true
8491019,Ivo Herrando,イボ エランド,伊沃·埃尔兰多,false,true
8491026,Arnold Ling,アーノル リング,阿诺尔德·林,true,true
8491029,Griffith Barton,グリフィス バートン,格里菲斯·巴顿,true,true
8491030,G. Kohlmann,ゴットヘルフ コールマン,戈特黑尔夫·科尔曼,false,true
8491033,Arno Flender,アルノー フレンダー,阿尔诺·弗伦德尔,true,true
8491034,Zoltan Fontaine,ゾルタン フォンテーン,佐尔坦·方丹,false,true
8491039,Louis Watteau,ルイ ニコラ ヴァトー,路易-尼古拉·瓦托,true,true
8491055,Georgemy Lenho,ジョルジェミ レーニョ,乔治米·莱诺,true,true
8491089,Hilary Whittock,ヒラリー ウィトック,希拉里·惠特克,true,true
8491094,Oscar Reveiro,オスカル レヴェイロ,奥斯卡·雷韦罗,false,true
8491095,Ham Maudslay,ハム モーズレイ,哈姆·莫兹利,true,true
8491105,I. Edgecumbe,イスカリオット エッジカンブ,伊斯卡略特·埃奇库姆,true,true
8491106,Tiff Byers,ティフ バイヤーズ,蒂夫·拜尔斯,true,true
8491132,Man Seunghun,マン スンフン,万承勋,true,true
8491140,Newton Maia,ネウトン マイア,牛顿·马亚,true,true
8491149,Cheval Fourcade,シュヴァリエ フールカデ,舍瓦利耶·富尔卡德,true,true
8491151,Damia Granero,ダミア グラネロ,达米亚·格拉内罗,true,true
8491200,Ivan Coates,イヴァン コーツ,伊万·科茨,true,true
8491204,Carl Sandtler,カール ハインツ サンドラー,卡尔-海因茨·桑德特勒,true,true
8491212,Zeheb Yalçın,ゼヘブ ヤルチュン,泽赫布·亚尔钦,false,true
8491218,Nestor Omus,ネストール オムス,内斯托尔·奥姆斯,false,true
8491221,Celedonio Triay,セレドニオ トリアイ,塞莱多尼奥·特里埃,false,true
8491229,Lambert Flamand,ランベール フラマン,朗贝尔·弗拉芒,true,true
8491235,Lam Brambilla,ランベルト ブランビッラ,兰贝托·布兰比拉,false,true
8491245,Denny Albertz,ダニー アルベルツ,丹尼·阿尔贝茨,false,true
8491246,Alex Clavero,アレックス クラベーロ,亚历克斯·克拉维罗,true,true
8491247,Ignazio Scacchi,イグナツィオ スカッキ,伊尼亚齐奥·斯卡基,true,true
8491259,Alfonso Errando,アルフォンソ エランド,阿方索·埃兰多,true,true
8491262,Benjamin Streit,ベンヤミン シュトライト,本亚明·施特赖特,true,true
8491273,Guido Romana,グウィード ロマナ,吉多·罗马纳,false,true
8491276,Theodore Fry,セオドア フライ,西奥多·弗赖伊,true,true
8491297,Julian Siodmak,ユリアーン シオドマク,尤利安·西奥德马克,false,true
8491306,Madoc Alling,マドック アリング,马多克·阿林,false,true
8491307,Carthy Bennett,カーシー ベネット,卡锡·本内特,true,true
8491309,Gad Dryden,ガッド ドライデン,加德·德赖登,true,true
8491310,Gene Atherton,ジーン アサートン,吉恩·阿瑟顿,true,true
8491316,Boniface Horry,ボニフェース ホリー,博尼费斯·霍里,true,true
8491324,Ciaran Sadler,キアラン サドラー,夏兰·萨德勒,true,true
8491325,Gene Longfellow,ジーン ロングフェロー,吉恩·朗费罗,true,true
8491346,Tommy Liaño,トミー リアニョ,托米·利亚诺,false,true
8491347,Mauro Rois,マウロ ロイス,毛罗·罗伊斯,true,true
8491349,Jon Santana,ホン サンタナ,霍恩·桑塔纳,true,true
8491355,Albin Oconnell,アルヴィン オコネル,阿尔宾·奥康奈尔,true,true
8491375,J. Veenstra,ユリアーン フェーンストラ,于里安·费恩斯特拉,true,true
8491382,Ivanoe Bassis,イヴァノエ バッシス,伊瓦诺埃·巴西斯,true,true
8491386,Jover Canabal,ホベル カナバル,霍瓦·卡纳哈尔,false,true
8491391,Kurt Schieppati,クルト スキエパッティ,库尔特·斯基耶帕蒂,false,true
8491394,Adolf Cote,アドルフ レオポル コート,阿道夫-莱奥波德·科特,false,true
8491398,Dani Bragaglia,ダニーロ ブラガリア,达尼洛·布拉加利亚,true,true
8491403,Teodoro Gavalda,テオドロ ガバルダ,特奥多罗·加瓦尔达,false,true
8491410,Daniel Lavernia,ダニエル ラベルニア,丹尼尔·拉维尔尼亚,false,true
8491436,Eric Laxstroem,エリック ラクストレーム,埃里克·拉克斯特伦,true,true
8491440,Ivo de Escobedo,イボ デ エスコベド,伊沃·德埃斯科韦多,true,true
8491463,Fran Lesaka,フラン レサカ,弗兰·莱萨卡,false,true
8491466,Gualt Rinieri,グァルティエーロ リニエーリ,瓜尔蒂耶罗·里涅里,false,true
8491468,Olaf Routledge,オーラフ ルートレッジ,奥拉夫·劳特利奇,true,true
8491513,Michel Encina,ミチェル エンシーナ,米歇尔·恩西纳,true,true
8491523,Roddy Franklin,ロディ フランクリン,罗迪·富兰克林,true,true
8491553,Lars Achenbach,ラルス アッヘンバッハ,拉尔斯·阿亨巴赫,true,true
8491554,Ivo Culebras,イボ クレブラス,伊沃·库莱布拉斯,true,true
8491572,Marius Varlet,マリユス ヴァレ,马里于斯·瓦尔莱,false,true
8491573,Enric Loite,エンリク ロイテ,恩里克·洛伊特,true,true
8491576,Jesse Spice,ジェシー スパイス,杰西·斯派斯,true,true
8491580,Michael Barbier,ミッシェル バルビエ,米歇尔·巴尔比耶,true,true
8491591,Eduard Abril,エドゥアルド アブリル,爱德华·阿夫里尔,false,true
8491596,Patrice Flon,パトリス フロン,帕特里斯·弗隆,true,true
8491597,Emiliano Blanco,エミリアーノ ブランコ,艾米利亚诺·布兰科,true,true
8491609,Lew Coogan,リュー クーガン,卢·库根,true,true
8491617,Martin Sauri,マルティン サウリ,马丁·绍里,true,true
8491641,Wil de Morgan,ウィルフリッド ド モルガン,威尔弗里德·德摩根,true,true
8491672,Erik Cooke,エリク クック,埃里克·库克,true,true
8491693,Ayoze Pueyo,アヨセ プエヨ,阿约塞·普埃奥,true,true
8491696,Hugo Ascaride,ユーゴ アスカリド,雨果·阿斯卡里德,true,true
8491699,Devisser Bos,デフィセル ボス,德菲塞尔·博斯,true,true
8491724,Iain Harries,イアン ハリーズ,伊恩·哈里斯,false,true
8491725,Ott Kristiansen,オト クリスティアンセン,奥托·克里斯蒂安森,true,true
8491728,Donato Battiato,ドナート バッティアート,多纳托·巴蒂亚托,true,true
8491733,Valentin Giner,バレンティン ヒネル,巴伦廷·希内尔,true,true
8491734,Mario Helguera,マリオ エルゲラ,马里奥·埃尔格拉,true,true
8491736,Adrian Hillman,アドリアン イルマン,阿德里安·伊尔曼,true,true
8491738,Chode Zubori,ショデルロア ジュボリ,绍代洛·齐博里,true,true
8491748,Cosme Donostia,コスメ ドノスティーア,科斯梅·多诺斯蒂亚,true,true
8491754,Alfonso Flores,アルフォンソ フローレス,阿方索·弗洛雷斯,false,true
8491760,Algie Haig,アルジー ヘイグ,阿尔吉·黑格,false,true
8491763,Oleguer Lopo,オレゲール ロポ,奥莱格尔·洛波,false,true
8491765,Vince Ainsworth,ヴィンス エインズワース,文斯·安斯沃思,true,true
8491793,Jason Selwyn,ジェイソン セルウィン,杰森·塞尔温,true,true
8491796,Hernan Antia,エルナン アンティア,埃尔南·安蒂亚,true,true
8491815,Damiano Rocca,ダミアーノ ロッカ,达米亚诺·罗卡,false,true
8491825,Louis Holgado,ルイ アルベール オルガド,路易-阿尔贝·奥尔加多,true,true
8491826,Ricardo Liaño,リカルド リアニョ,里卡多·利亚诺,true,true
8491835,Steen Lassen,ステーン ラッセン,斯滕·拉森,false,true
8491840,Detlev Bittner,デトレフ ビットナー,德特勒夫·比特纳,true,true
8491848,Anat Spiesser,アナトール スピエセル,阿纳托尔·斯皮埃塞尔,true,true
8491850,Nichol Teather,ニコル シアター,尼科尔·蒂瑟,true,true
8491852,Kevin Balzola,ケビン バルソラ,凯文·巴尔索拉,false,true
8491860,Hassan Shakeel,ハサン シャキール,哈桑·沙基尔,false,true
8491885,Serge Carcani,セルジュ カルカーニ,塞尔吉·卡尔卡尼,false,true
8491893,Stephan Vanzina,ステファン ヴァンツィーナ,斯特凡·万齐纳,false,true
8491900,Michel de Blas,ミチェル デ ブラス,米歇尔·德布拉斯,true,true
8491907,Boris Amaya,ボリス アマージャ,鲍里斯·阿马亚,true,true
8491933,Jose Romay,ホセ ロメイ,何塞·罗迈,true,true
8491935,Sean Roxburgh,ショーン ロクスバラ,肖恩·罗克斯伯勒,true,true
8491941,Ulbain Kouchner,ユルバン クシュネル,于尔班·库什内,false,true
8491950,Cosimo Tritto,コージモ トリット,科西莫·特里托,true,true
8491954,Tonino Scali,トニーノ スカリ,托尼诺·斯卡利,true,true
8491978,Denival Lima,デニヴァウ リマ,德尼瓦尔·利马,true,true
8491998,Edmond Morelli,エジモンド モレッリ,埃德蒙德·莫雷利,true,true
8492005,Dae Yunu,テ ユヌ,大润宇,false,true
8492014,Laz Tillotson,ラザレス ティロトソン,拉扎勒斯·蒂洛森,true,true
8492019,Cristo Enguiz,クリスト エンギス,克里斯托·恩吉斯,true,true
8492025,Chode Lacomblez,ショデルロア ラコンブレ,绍代洛·拉孔布莱,true,true
8492035,On Yeonggyo,オン ヨンギョ,温永乔,true,true
8492036,Eom Seokho,オム ソクホ,严硕浩,true,true
8492042,Oriol Galindo,オリオール ガリンド,奥里奥尔·加林多,true,true
8492043,Esteban Padin,エステバン パディン,埃斯特万·帕丁,true,true
8492051,Siever Olney,シーヴァー オルニー,西韦尔·奥尔尼,true,true
8492052,Otmar Ulbricht,オトマール ウルブリヒト,奥特马尔·乌布利希,true,true
8492053,Julian Randall,フリアン ランドール,胡利安·兰德利,true,true
8492058,Niels Ancher,ニールス アンケル,尼尔斯·安克,true,true
8492070,Henri Joubert,アンリ ルイ ジュベール,亨利-路易·茹贝尔,true,true
8492099,Pablo Antuno,パブロ アントゥーノ,帕勃罗·安图诺,true,true
8492103,Gene Milan,ヘネ ミラン,赫内·米兰,true,true
8492124,Benito Monteiro,ベニート モンティロ,贝尼托·蒙泰罗,true,true
8492125,Arsè Mouglalis,アルセーヌ ムグラリス,阿尔塞纳·穆格拉利,true,true
8492127,J. Halliwell,ジェレマイア ハリウェル,杰里迈亚·哈利韦尔,true,true
8492137,Intosh Bentley,イントッシュ ベントレー,英托什·本特利,true,true
8492144,Stevie Griffith,スティーヴィー グリフィス,史蒂维·格里菲思,true,true
8492145,Liam Oldham,リアム オールダム,利亚姆·奥尔德姆,false,true
8492152,Xavier Vert,シャビエル ベルト,夏维尔·贝尔特,true,true
8492159,Carlos Urbano,カルロス ウルバーノ,卡洛斯·乌尔瓦诺,false,true
8492170,Rory Girtin,ロリー ガーティン,罗里·格廷,true,true
8492174,Amilcare Doga,アミルカーレ ドガ,阿米尔卡雷·多加,false,true
8492184,Levin Riseley,レヴィン リズレイ,莱文·赖斯利,true,true
8492190,Alfredo Filho,アウフレド フィーリョ,阿尔弗雷多·菲利奥,false,true
8492191,Ernest Lipietz,エルネスト リピエッツ,埃内斯特·利皮耶茨,true,true
8492202,Ot Verhoeven,オト フェルフッフェン,奥特·费尔赫芬,true,true
8492205,David Scheibe,ダビド シャイベ,戴维·沙伊贝,true,true
8492209,Juriaan Verbeek,ユリアーン フェルベーク,于里安·费尔贝克,true,true
8492210,Nicolo Taddei,ニコロ タッデイ,尼科洛·塔代伊,true,true
8492211,Dag Ruthenfranz,ダグマル ルーテンフランツ,达格玛·鲁滕弗兰茨,true,true
8492225,Zat Savage,ザット サヴェージ,扎特·萨维奇,true,true
8492228,Edmond Gourvest,エドモン ゴーベス,埃德蒙·古韦,true,true
8492236,Arnold Sparre,アーノル スパレ,阿诺尔德·斯帕雷,true,true
8492245,Mikel Colsa,ミケル コルサ,迈克尔·科尔萨,true,true
8492270,Keith Rowling,キース ローリング,基思·罗林,true,true
8492271,Ged Broadbent,ジェド ブロードベント,杰德·布罗德本特,true,true
8492274,Alvin Delius,アルヴィン ディーリアス,阿尔文·德利厄斯,false,true
8492283,Boris Olive,ボリス オリーブ,鲍里斯·奥利弗,true,true
8492284,Vigor Bolognini,ヴィゴール ボロニーニ,维戈尔·博洛尼尼,true,true
8492290,Bart Mormeck,バルテレミー モルメック,巴泰尔米·莫梅克,true,true
8492309,Everaldo Raposo,エヴェラウド ハポーゾ,埃维拉尔多·拉波索,false,true
8492316,Elis Bellow,エリス ベロー,伊利斯·贝洛,true,true
8492330,Pung Cheolgyu,プン チョルギュ,冯澈奎,true,true
8492334,P. Martelli,ピエリック マルテリ,皮埃里克·马尔泰利,false,true
8492336,Bing Namsu,ピン ナムス,冰南寿,true,true
8492347,Georg Holst,ゲーオウ ホルスト,格奥尔·霍尔斯特,true,true
8492367,Fonsi Nagore,フォンシ ナゴーレ,丰西·纳戈雷,false,true
8492369,Siméon Berges,シメオン ベルジェ,西梅翁·贝热斯,false,true
8492373,Ozias Whitlow,オージアス ウィットロウ,奥扎厄斯·惠特洛,true,true
8492374,Glédson Brígido,グレジソン ブリージド,格莱德森·布里吉多,false,true
8492383,G. Beaumesnil,ジェルマン ボーメスニル,热尔梅纳·博梅斯尼,true,true
8492386,Geum Harong,クム ハリョン,锦何泷,true,true
8492388,Jarabe Rogel,ハラベ ロヘル,哈拉贝·罗赫尔,true,true
8492389,Juanjo Benito,ファンホ ベニト,胡安霍·贝尼托,true,true
8492390,Jorge Pitaruga,ホルヘ ピタルーガ,霍尔赫·皮塔卢加,false,true
8492398,William Acland,ウィリアム アクランド,威廉·阿克兰,false,true
8492400,Egide Schlesser,エジット シュレッサー,埃吉德·施勒塞尔,true,true
8492401,Jose Ivan Alaña,ホセ イバン アラーニャ,何塞-伊万·阿拉纳,true,true
8492403,Florens Bosman,フロレンス ボスマン,弗洛伦斯·博斯曼,false,true
8492410,Oswaldo Camara,オズバルド カマラ,奥斯瓦尔多·卡马拉,true,true
8492411,Halil Martić,ハリル マルティッチ,哈利勒·马尔蒂奇,true,true
8492413,Armando Buendia,アルマンド ブエンディア,阿曼多·布恩迪亚,false,true
8492423,Doros Rebocho,ドロス ヘボショ,多罗斯·雷博乔,true,true
8492426,Lau Peters,ラウ ペテルス,劳·彼得斯,false,true
8492428,Ivan Torrentes,イバン トレンテス,伊万·托伦特斯,false,true
8492437,Miguel Obrados,ミゲル オブラドス,米格尔·奥夫拉多斯,true,true
8492445,Hopkin Lloyd,ホプキン ロイド,霍普金·劳埃德,true,true
8492446,Jose Amathieu,ジョゼ アマテュー,若泽·阿马蒂厄,true,true
8492447,Roman Bonissel,ロマン ボニセル,罗曼·博尼塞尔,false,true
8492461,Omero Natale,オメロ ナタール,奥梅罗·纳塔莱,false,true
8492462,Cosme Loiola,コスメ ロイオラ,科斯梅·洛伊奥拉,true,true
8492463,Kuno Preub,クーノ プロイブ,库诺·普罗伊布,false,true
8492464,Geofrroy Bost,ジェフロワ ボスト,热弗鲁瓦·博斯特,true,true
8492470,Justin Honegger,ジュスタン オネゲル,朱斯坦·奥内热,false,true
8492472,Henry Woolf,ヘンリー ウルフ,亨利·伍尔夫,true,true
8492481,Yorgo Marchais,ヨルゴ マルシェ,尤戈·马歇,true,true
8492508,Youri Tarzieff,ユーリ テルジェフ,尤里·塔吉耶夫,true,true
8492512,Dries de Groot,ドリース デ フロート,德里斯·德赫罗特,true,true
8492521,Herbert Clewing,ヘルベルト クレヴィング,赫伯特·克勒温,false,true
8492524,Sylvestre Arron,シルヴェストル アーロン,西尔韦斯特·阿龙,true,true
8492527,Guust van Doorn,フースト ファン ドールン,古斯特·范多恩,true,true
8492530,Mariano Brey,マリアーノ ブレイ,马里亚诺·布莱伊,false,true
8492532,Gert Bakker,ヘルト バッケル,赫特·巴克,true,true
8492548,Eliot Weston,エリオット ウェストン,埃利奥特·韦斯顿,true,true
8492550,Manuel Bar,マニュエル バール,曼努埃尔·巴尔,true,true
8492551,Sian Gemmill,シアン ゲミル,沙恩·格米尔,false,true
8492552,Leo Colonnello,レオ コロンネッロ,莱奥·科隆内洛,false,true
8492554,Walter Renehan,ウォルター レネハン,沃尔特·雷内汉,true,true
8492555,Paul Asmussen,パウル アスムッセン,保罗·阿斯穆森,true,true
8492556,Rene Thomsen,レネ トムゼン,勒内·汤姆森,false,true
8492558,Tommaso Ficino,トンマーゾ フィチーノ,托马索·菲奇诺,false,true
8492560,Lucio Cajal,ルシオ カハール,卢西奥·卡哈尔,true,true
8492562,Battiato Segni,バッティアート セーニ,巴蒂亚托·塞尼,true,true
8492565,Rafita Espeso,ラフィタ エスペソ,拉菲塔·埃斯佩索,true,true
8492580,Jamale Leclair,ジャマル ルクレール,雅马尔·勒克莱尔,false,true
8492581,A. Lombardi,アントニオ ロンバルジ,安东尼奥·隆巴尔迪,true,true
8492582,Isidore Dalle,イシドール ダル,伊西多尔·达勒,false,true
8492583,Rasmus Berg,ラスムス ベア,拉斯穆斯·贝尔,true,true
8492584,Dionisio Riesgo,ディオニシオ リエスゴ,迪奥尼西奥·列斯戈,true,true
8492586,Juan Alkorta,ファン アルコルタ,胡安·阿尔科塔,false,true
8492588,Pung Raewon,プン レウォン,冯来远,false,true
8492590,Eneko Saurin,エネコ サウリン,埃内科·绍林,true,true
8492593,Woo Hyecheon,ウ ヘチョン,于惠金,false,true
8492598,Willy Tarnat,ヴィリー タルナト,维利·塔纳特,false,true
8492619,Garikoitz Viñas,ガリコイツ ビーニャス,加里科伊茨·比尼亚斯,false,true
8492620,Carsten Freund,カルステン フロイント,卡斯滕·弗罗因德,true,true
8492625,Mino Pareto,ミーノ パレート,米诺·帕雷托,false,true
8492630,Didac Moso,ディダック モソ,迪达克·莫索,true,true
8492632,Theo Stout,セオ スタウト,西奥·斯托特,true,true
8492642,Nestor Vert,ネストール ベルト,内斯托尔·贝尔特,false,true
8492643,Alemão Poletto,アレモン ポレット,阿莱毛·波莱托,true,true
8492644,Otto Axelsson,オットー アクセルソン,奥托·阿克塞尔松,true,true
8492645,Fabian Herrando,ファビアン エランド,法维安·埃尔兰多,true,true
8492657,Rémy Jullian,レミー ジュリアン,雷米·朱利安,false,true
8492658,Juanjo Pindado,ファンホ ピンタード,胡安霍·平达多,true,true
8492659,Florian Ricœur,フロリアン リクール,弗洛里安·里克尔,true,true
8492662,Niclas Edwall,ニクラス エドヴァール,尼克拉斯·埃德瓦尔,false,true
8492663,Justin Harley,ジャスティン ハーリー,贾斯廷·哈利,true,true
8492664,Hywel Renehan,フーエル レネハン,海韦尔·雷内汉,true,true
8492673,Heath Rumbelow,ヒース ランベロウ,希斯·朗比洛,true,true
8492674,Jeronimo Mas,ヘロニモ マス,赫罗尼莫·马斯,true,true
8492678,Welton Piage,ウェウトン ピアージ,韦尔东·皮亚热,true,true
8492679,Santi de Landa,サンティ デ ランダ,桑蒂·德兰达,false,true
8492680,Pyo Gwijae,ピョ グィジェ,表归才,true,true
8492681,Geerten Boer,ヘールテン ブール,海尔滕·博埃尔,true,true
8492682,Gi Hobong,キ ホボン,奇浩峰,true,true
8492689,Amadeo Espino,アマデオ エスピーノ,阿马德奥·埃斯皮诺,true,true
8492692,Rafael Chavarri,ラファエル チャバリ,拉斐尔·查瓦里,false,true
8492695,Manuel Chacon,マヌエル チャコン,曼努埃尔·查康,false,true
8492697,Peter Virchow,ペーター フィルヒョー,彼得·菲尔绍,true,true
8492701,Michael Villa,ミハエル ヴィッラ,米夏埃尔·维拉,true,true
8492702,Peter Labey,ピーター ラベイ,彼得·拉贝,false,true
8492703,Camille Vernon,カミーユ ヴェルノン,卡米耶·韦尔农,true,true
8492707,Eamonn Gemili,イーモン ジェミリ,埃蒙·杰米利,true,true
8492709,Karl Budgett,カール バジェット,卡尔·巴吉特,true,true
8492710,Klarysa Pavičić,クラリサ パヴィチッチ,克拉里萨·帕维契奇,true,true
8492711,Ismael Novo,イスマエル ノボ,伊斯梅尔·诺沃,false,true
8492714,Gaël Poitiers,ガエル ポワティエ,盖尔·普瓦捷,false,true
8492716,Felip Valbuena,フェリプ バルブエナ,费利普·巴尔武埃纳,false,true
8492723,Barney Effinger,バーニー エフィンジャー,巴尼·埃芬格,true,true
8492724,Achero Chema,アチェロ チェマ,阿奇罗·切马,true,true
8492725,Santo Gelsini,サント ジェルシーニ,尚托·杰尔西尼,true,true
8492726,Cristo Boia,クリスト ボイーア,克里斯托·博伊亚,false,true
8492728,Julen Saurin,フレン サウリン,胡伦·绍林,false,true
8492730,Lars Bartels,ラルス バルテルス,拉尔斯·巴特尔斯,false,true
8492731,Dani Larraz,ダニ ララツ,达尼·拉腊斯,false,true
8492732,Oriol Valido,オリオール バリド,奥里奥尔·巴利多,false,true
8492733,Enriquez Orbaiz,エンリーケス オルバイス,恩里克斯·奥尔贝斯,false,true
8492737,Naldinho Leite,ナウジーニョ レイチ,纳尔丁霍·莱特,true,true
8492742,Majid Nasim,マジド ナシム,马吉德·纳西姆,true,true
8492743,Asad Ghulam,アサド グラム,阿萨德·古拉姆,true,true
8492744,Saif Al Khaliq,サイフ アルハリク,赛义夫·哈利克,true,true
8492745,Adel Bakir,アデル バキル,阿德尔·贝吉尔,true,true
8492746,Jalal Hamdi,ジャラル ハムディ,贾拉勒·哈姆迪,true,true
8492752,Iker Valeron,イケル バレロン,伊克尔·巴莱龙,true,true
8492753,Gregorio Voro,グレゴリオ ボロ,格雷戈里奥·博罗,false,true
8492757,René Bazin,ルネ バザン,勒内·巴赞,true,true
8492758,Ted Royle,テッド ロイル,泰德·罗伊尔,true,true
8492760,Manager,監督,教练,false,true
8492765,Timothée Attali,ティモテ アタリ,蒂莫泰·阿塔利,true,true
8492766,Laro Belenguer,ラーロ ベレンゲル,拉罗·贝伦格尔,true,true
8492767,Santi Canonero,サンティ キャノネロ,尚蒂·卡诺内罗,true,true
8492771,Woudman Smit,ワウトマン スミット,沃特曼·斯米特,true,true
8492772,Yoann Goubert,ヨアン グベール,尤安·古贝尔,true,true
8492774,Martin Carnap,マルティン カルナップ,马丁·卡纳普,true,true
8492776,Xabi Palicio,シャビィ パリシオ,夏维·帕利西奥,false,true
8492781,Harald Orsted,ハラル エアスデス,哈拉尔·厄斯泰兹,true,true
8492783,Victor Bennion,ヴィクター ベニオン,维克托·本尼恩,true,true
8492785,Ismael Bunuel,イスマエル ブニュエル,伊斯梅尔·布努埃尔,true,true
8492786,Gaetano Bocelli,ガエターノ ボチェッリ,加埃塔诺·博切利,true,true
8492789,Knud Ancher,クヌード アンケル,克努兹·安克,true,true
8492798,Cléman Rouche,クレマン ルーシェ,克莱曼·鲁谢,false,true
8492801,Kean Oshadogan,キーン オシャドガン,基恩·奥夏多甘,false,true
8492802,Anaclet Herbain,アナクレト エルバイン,阿纳克莱·埃尔班,true,true
8492803,Asghar Hamed,アシュガル ハミド,阿什加尔·哈米德,true,true
8492804,Ghassan Sajjad,ガッサン サジャド,加桑·萨贾德,true,true
8492805,Heydar Bader,ヘイダル バデル,希达尔·巴德尔,true,true
8492806,Hesam Fadl,ヘサム ファドル,希萨姆·法德勒,true,true
8492807,Moin Nassif,モイン ナシフ,穆因·纳西夫,true,true
8492808,Hamid Uthman,ハミド ウトマン,哈米德·奥斯曼,true,true
8492809,Ghassan Fadl,ガッサン ファドル,加桑·法德勒,true,true
8492810,Felip Isasmendi,フェリプ イサスメンディ,费利普·伊萨斯门迪,false,true
8492811,Poul Smed,ポウル スメド,波尔·斯梅德,false,true
8492813,Frederik Bojsen,フレデリク ボイセン,弗雷德里克·博伊森,false,true
8492815,Vladimir Lancen,ウラジミール ランセン,弗拉迪米尔·朗桑,false,true
8492819,Ingo Hammer,インゴ ハンマー,英戈·哈默,false,true
8492821,Carles Escriva,カルレス エスクリヴァ,卡莱斯·埃斯克里瓦,false,true
8492822,Amadeus Berens,アマデウス ベーレンス,阿马多伊斯·贝伦斯,false,true
8492823,Gigi Merisi,ジジ メリージ,吉吉·梅里西,false,true
8492824,Ezio Lotti,エツィオ ロッティ,埃齐奥·洛蒂,false,true
8492825,Conrado Ascenzi,コンラード アシェンツィ,孔拉多·阿申齐,false,true
8492829,Ticky Azéma,ティッキー アゼマ,蒂奇·阿泽马,false,true
8492834,Howell Emary,ハウエル エマリー,豪厄尔·埃马里,false,true
8492835,Wiljan Kuipers,ウィルヤン カイペルス,维尔扬·克伊珀斯,false,true
8492836,Douglas Holst,ダグラス ホルスト,道格拉斯·霍尔斯特,false,true
8492860,Heini Kautsky,ハイニ カウツキー,海尼·考茨基,false,true
12582950,Emami Nikyar,エマミ ニクヤル,埃马米·尼克亚尔,true,true
12582955,Oswald Elgin,オズワルド エルジン,奥兹瓦尔德·埃尔金,true,true
12582959,Mojtaba Nassif,モジタバ ナシフ,穆吉塔巴·纳西夫,true,true
12582963,Dino Millesi,ディーノ ミッレージ,迪诺·米莱西,true,true
12582980,Baltasar Padin,バルタサル パディン,巴尔塔萨·帕丁,true,true
12582993,Sabino Cererols,サビーノ セレロールス,萨比诺·塞莱罗尔斯,true,true
12583004,Fran Cudoreni,フランシスコ クアドレニ,弗朗西斯科·库多莱尼,true,true
12583008,Emmanuel Cluzel,エマニュエル クルゼル,埃马纽埃尔·克吕泽尔,true,true
12583031,P. Voinescu,ポンピリウス ヴォイネスク,蓬皮柳斯·沃伊内斯库,true,true
12583037,Themis Latsis,テミス ラツィス,塞米斯·拉齐斯,true,true
12583053,Borjana Antic,ボリャナ アンティッチ,博里亚纳·安蒂奇,true,true
12583119,Alain Robert,アラン ロバーツ,艾伦·罗伯特,true,true
12583184,Hank Braun,ハンク ブラウン,汉克·布朗,true,true
12583190,Luca Monasterio,ルーカス モナステリオ,卢卡斯·莫纳斯特里奥,false,true
12583196,Jean Villard,ジャン モーリス ヴィラール,让-莫里斯·维拉尔,true,true
12583211,Cecilio Tunal,セシリオ トゥナル,塞西略·图纳尔,true,true
12583235,Vicor d. Santos,ヴィコル ドス サントス,维索尔·多斯桑托斯,true,true
12583256,Seong Dongcheuk,ソン ドンチュク,松冬侧,true,true
12583305,Kirian Montoya,キリアン モントーヤ,基里安·蒙托亚,false,true
12583308,Jarabe Laporta,ハラベ ラポルタ,哈拉贝·拉波尔塔,true,true
12583382,Leon Balzola,レオン バルソラ,莱昂·巴尔索拉,true,true
12583401,M. Podkopayeva,ムスティスラフ ポドコパエワ,姆斯季斯拉夫·波德科帕耶娃,true,true
12583407,Kotani Ryo,小谷 良,小谷良,true,true
12584132,Albert Jurasek,アルベルト ユラーセク,阿尔贝特·尤拉塞克,true,true
12682923,Basil Gavras,バシレイオス ガヴラス,巴西莱奥斯·加夫拉斯,true,true
12682924,Samuel Kazda,サムエル カズダ,萨穆埃尔·卡兹达,true,true
12682925,Carsten Karlsen,カルステン カールセン,卡斯滕·卡尔森,true,true
12682926,Xan Bate,ザン ベイト,赞恩·贝特,true,true
12682927,Aksel Johansen,アクセル ヨハンセン,阿克塞尔·约翰森,false,true
12682928,Clifford Ran,クリフォード ラン,克利福德·拉恩,true,true
12682929,Decebal Tănase,デチェバル タナセ,德切巴尔·特纳塞,true,true
12682930,Grigore Nechita,グリゴーレ ネキタ,格里戈雷·内基塔,true,true
12682931,Roche Goodman,ロシュ グッドマン,罗奇·古德曼,true,true
12682932,Jurich Mucnjak,ユリッチ ムチニャク,尤里奇·姆奇尼亚克,true,true
12682933,Dymtrus Marinić,ディムトルス マリニッチ,迪姆特鲁斯·马里尼奇,true,true
12682934,Yksel Bjoerker,イクセル ビョルケル,伊克泽尔·比约克,false,true
12682935,Amand Cibis,アマンド シビス,阿曼德·齐比斯,true,true
12682936,Andry Potapenko,アンドリイ ポタペンコ,安德里·波塔片科,true,true
12682937,A. Taglichsbeck,アウグスト テーグリヒスベック,奥古斯特·塔格利希斯贝克,true,true
12682938,Marc Lenard,マルク レーナルト,马克·莱纳德,true,true
12682939,Xabi Torrentes,シャビィ トレンテス,夏维·托伦特斯,true,true
12682940,Fraizer Nemtsov,フレイザー ネムツォフ,弗雷泽·涅姆佐夫,true,true
12682941,Hajj Ahmaud,ハッジ アフマウド,哈吉·艾哈马乌德,true,true
12682942,Ahmad Saadallah,アフマド サーダラー,艾哈迈德·萨阿杜拉,true,true
12682943,Saif Hadem,サイフ ハデム,赛义夫·哈德姆,false,true
12682944,Anas Selden,アナステシアス セルデン,阿纳斯特修斯·塞尔登,true,true
12682945,Elvis Morlan,エルヴィス モーラン,埃尔维斯·莫兰,true,true
12682946,Kwame Sparkle,クワミ スパークル,夸梅·斯帕克,true,true
12682947,Raul Andreu,ラウル アンドリュー,拉乌尔·安德鲁,true,true
12682948,Sattar Nadir,サッタル ナディル,萨塔尔·纳迪尔,true,true
12682949,Pierrot Haas,ピエロ アース,皮埃罗·阿斯,true,true
12682950,Don Lonsdale,ドミニク ロンズデール,多米尼克·朗斯代尔,true,true
12682951,Sjors Kuiper,スヨルス カイペル,希约尔斯·克伊珀,true,true
12682952,Roldan Cintra,ロルダン シントラ,罗尔丹·辛特拉,true,true
12682953,Yaghub Faruq,ヤグブ ファルク,亚古卜·法鲁克,true,true
12682954,Ivan Mondejar,イバン モンデハル,伊万·蒙德哈尔,true,true
12682955,Casim Saulnier,カジミール ソルニエ,卡奇米尔·索尼耶,true,true
12682956,Lucas Bisson,リュカ ビソン,吕卡·比松,true,true
12682957,Franck Guérin,フランク ゲラン,弗兰科·盖朗,true,true
12682958,Alfred Cournot,アルフレッド クールノー,阿尔弗雷德·库尔诺,true,true
12682959,Pelham Easton,ペルハム イーストン,佩勒姆·伊斯顿,true,true
12682960,Pol Armijo,ポル アルミホ,波尔·阿米霍,true,true
12682961,Ignace Murail,イニャス ミュライユ,伊尼亚斯·米拉伊,true,true
12682962,Xavier Dalmas,グザヴィエ ダルマス,扎格维埃·达尔马斯,true,true
12682963,Ibrahim Boulus,イブラヒム ブルス,易卜拉欣·布鲁斯,true,true
12682964,Don Missillier,ドナルド ミシリエ,多纳尔德·米西利耶,true,true
12682965,Lulu Rouch,リュリュ ルーシュ,卢卢·鲁什,true,true
12682966,Yoann Ferrara,ヨアン フェラーラ,尤安·费拉拉,true,true
12682967,Melchor Almunia,メルチョー アルムニア,梅尔乔·阿尔穆尼亚,true,true
12682968,Isaac Salaverri,イサーク サラベリ,伊萨克·萨拉维里,true,true
12682969,Zia Rukn Al Din,ジア ルクン アル ディン,齐亚·鲁库恩丁,true,true
12682970,Tiago Roca,ティアゴ ローカ,蒂亚戈·罗加,true,true
12682971,Oskar Pantoja,オスカル パントーハ,奥斯卡·潘托哈,true,true
12682972,Stillario Paoli,ステッラリオ パオーリ,斯蒂拉里奥·保利,true,true
12682973,Santos Pueyo,サントス プエヨ,桑托斯·普埃奥,true,true
12682974,Giro Continenza,ジローラモ コンチネンツァ,吉罗拉莫·孔蒂嫩扎,true,true
12682975,Lluis Rubiera,ルイス ルビエラ,路易斯·鲁维埃拉,true,true
12682976,Jose Ivan Puig,ホセ イバン プイグ,何塞-伊万·普伊格,true,true
12682977,Joan Zapico,ホアン サピーコ,霍安·萨皮科,true,true
12682978,G.M.Bernardelli,ジャン マッテオ ベルナルデリ,吉安-马泰奥·贝尔纳代利,true,true
12682979,Erman Margiotta,エルマンノ マルジョッタ,埃尔曼诺·马尔焦塔,true,true
12682980,Placido Fogues,プラシド フォゲス,普拉西多·福格斯,true,true
12682981,Manolo Dasler,マノロ ダスラー,马诺洛·达斯莱尔,true,true
12682982,Quique Font,キケ フォント,基克·丰特,true,true
12682983,Isaac Bermudo,イサーク ベルムード,伊萨克·贝尔穆多,true,true
12682984,Eloy Oleza,エロイ オレサ,埃洛伊·奥莱萨,true,true
12682985,Solomon Peragon,ソロモン ペラゴン,索洛蒙·佩拉贡,true,true
12682986,Ippo Guarente,イッポリト グアレンテ,伊波利托·瓜伦特,true,true
12682987,Hilario Narvaez,イラリオ ナルバエス,伊拉里奥·纳瓦埃斯,true,true
12682988,Bernard Danese,ベルナルド ダネーゼ,贝尔纳多·达内塞,true,true
12682989,Duilio Rato,ドゥイリオ ラト,杜伊利奥·拉托,true,true
12682990,Lion Savoldelli,リオネロ サヴォルデッリ,廖内洛·萨沃尔代利,true,true
12682991,Roldan Espla,ロルダン エスプラ,罗尔丹·埃斯普拉,true,true
12682992,Ricardo Narros,リカルド ナルロス,里卡多·纳罗斯,true,true
12682993,Jorge Casero,ホルヘ カッセーロ,霍尔赫·卡塞罗,true,true
12682994,Dion Meijering,デュオニュース マイヤーリング,迪奥尼斯·迈耶林,true,true
12682995,Harrie Koning,ハリー コニング,哈里·科宁,false,true
12682996,Baldo Kaffka,バルド カフカ,巴尔多·卡夫卡,true,true
12682997,Galder Camacho,ガルデル カマチョ,加尔德尔·卡马乔,true,true
12682999,Armin Garnet,アーミン ガーネット,阿明·加尼特,true,true
12683000,Gregorio Trueba,グレゴリオ トルエバ,格雷戈里奥·特鲁埃瓦,true,true
12683001,T. Heuzenroeder,トム ホイツェンローダー,托姆·霍伊岑罗德,true,true
12683002,Damaso Polonio,ダマゾ ポローニオ,达马索·普罗尼奥,false,true
12683003,Quique Batino,キケ バティーニョ,基克·巴蒂诺,true,true
12683004,Jacobo Rubiales,ハコボ ルビアレス,哈科沃·鲁维亚莱斯,true,true
12683005,Lluis Saenz,ルイス サエンス,路易斯·萨恩斯,true,true
12683006,Jaakoppi Alkio,ヤッコッピ アルキオ,亚科皮·阿尔基奥,true,true
12683007,Romain Greggory,ロマン グレゴリー,罗曼·格雷戈里,true,true
12683008,Markus Haseney,マルクス ハーセナイ,马库斯·哈森内,true,true
12683009,Hernando Elcano,エルナンド エルカーノ,埃尔南多·埃尔卡诺,false,true
12683010,Theo Fielitz,テオーデリヒ フィーリッツ,特奥德里希·菲利茨,true,true
12683011,Xaver Gerhard,クサヴァー ゲルハルト,克萨韦尔·格哈德,true,true
12683012,Ivan Farkaš,イヴァン ファルカシュ,伊万·法尔卡斯,true,true
12683013,Edy Pringsheim,エドヴァルト プリングスハイム,爱德华·普林斯切姆,true,true
12683014,Cees v.der Berg,セース ファン デル ベルク,塞斯·范德贝尔赫,true,true
12683015,Vicente Oubiña,ビセンテ オウビーニャ,维森特·奥维尼亚,true,true
12683016,Alex Kreutzer,アレックス クロイツァー,亚历克斯·克罗伊策,true,true
12683017,Johnny Rich,ジョニー リッシュ,若昂尼·里什,true,true
12683018,Arien v.der Ven,アリーン ファン デル フェン,阿里恩·范德芬,false,true
12683019,Gregorio Alenta,グレゴリオ アレンタ,格雷戈里奥·阿伦塔,true,true
12683020,Guenth Woetzel,グンター ヴォーツェル,京特·韦策尔,true,true
12683021,Juriaan Prins,ユリアーン プリンス,于里安·普林斯,true,true
12683022,Juli Schuettler,ユリアーン シュットラー,尤利安·修特勒,true,true
12683023,Arnout d.Ruiter,アルナウト デ ライテル,阿尔诺特·德勒伊特,true,true
12683024,Miguel Lapetra,ミゲル ラペトラ,米格尔·拉普特拉,true,true
12683107,Elmo Sculli,エルモ スクッリ,埃尔莫·斯库利,true,true
12683110,Ridder Huisman,リデル ハイスマン,里德·胡伊斯曼,true,true
12683146,Innes Finnissy,イネス フィニシー,英尼斯·芬尼西,true,true
12683153,Dusty Furnivall,ダスティ ファーニバル,达斯蒂·弗尼瓦尔,true,true
12683157,Félicien Walras,フェリシアン ワルラス,费利西安·瓦尔拉,true,true
12683190,Murilo Ribeiro,ムリーロ ヒベイロ,穆里洛·里贝罗,true,true
12683201,Jonathan Cases,ホナタン カセス,霍纳森·卡塞斯,true,true
12683317,Aitor Camara,アイトール カマラ,阿伊托·卡马拉,true,true
12683350,Neville Cowell,ネヴィル コーウェル,内维尔·考埃尔,true,true
12683372,Fritz McNamara,フリッツ マクナマラ,弗里茨·麦克纳马拉,true,true
12683569,Borys Kropivko,ボリス クロピウコ,博雷斯·克罗皮夫科,true,true
12683639,Gene Pantoja,ヘネ パントーハ,赫内·潘托哈,false,true
12683648,Javier Espla,ハビエル エスプラ,哈维尔·埃斯普拉,true,true
12683718,Ron Wyld,ロン ワイルド,罗恩·怀尔德,true,true
12683767,Wiek de Vos,ウィーク デ フォス,维克·德沃斯,true,true
12683773,Edin Lukic,エディン ルキッチ,艾丁·卢基奇,true,true
12683898,Leo Brandner,レオ ブランドナー,利奥·布兰德纳,true,true
12683988,Fadrique Mozo,ファドリケ モゾ,法德里克·莫索,true,true
12684000,Hector Voro,エクトル ボロ,埃克托尔·博罗,false,true
12684065,Quiqe Elcano,キケ エルカーノ,基克·埃尔卡诺,true,true
12684100,Waldemar Theile,ヴァルデマール タイレ,瓦尔德马·泰勒,true,true
12684143,N. Fitzherbert,ネヴィル フィッツヘルベルト,内维尔·菲茨赫伯特,true,true
12684367,Josetxo Alkorta,ホセチョ アルコルタ,何塞特索·阿尔科塔,true,true
12684369,Ionna Prpić,イオンナ プルピッチ,约恩纳·普尔皮奇,true,true
12684394,Lamb Nottingham,ランバート ノッティンガム,兰伯特·诺丁汉,false,true
12684402,Mychajlo Franic,ミツァイロ フラニッチ,米察伊洛·弗拉尼奇,false,true
12684403,Mary Von Goethe,マリオン フォン ゲーテ,马里昂·冯-歌德,true,true
12684566,Hilaire Lame,イレール ラメ,伊莱尔·拉梅,false,true
12684687,Anders Thorup,アナス トルプ,安诺斯·托鲁普,true,true
12684734,Anton Perrulli,アントン ペルッリ,安东·佩鲁利,true,true
12684747,Urian Oldman,ユーリアン オールドマン,尤里安·奥尔德曼,true,true
12684796,Ivan Antic,イヴァン アンティッチ,伊万·安蒂奇,true,true
12684881,Dado Montoro,ダド モントロ,达多·蒙托罗,true,true
12685054,Asghar Munif,アシュガル ムニフ,阿什加尔·穆尼夫,false,true
12685086,Esme Silvestre,エズメ シルヴェストル,埃斯米·西尔韦斯特雷,false,true
12685091,Dymtrus Santic,ディムトルス シャンティッチ,迪姆特鲁斯·尚蒂奇,true,true
12685205,Roger Lino,ロジェ リノ,罗歇·利诺,true,true
12685406,Fraizer Kenney,フレイザー ケニー,弗雷泽·肯尼,true,true
12685438,Dam Ilmong,タム イルモン,潭逸蒙,true,true
12685569,Zdenek Stibor,ズジェネク スチボル,兹德涅克·什季博尔,false,true
12685588,Yordan Tomash,ヨルダン トマシュ,约尔丹·托马什,true,true
12685688,Horst Woehr,ホルスト ヴェール,霍斯特·韦尔,true,true
12685798,Elick Serwotka,エリック サーワトカ,艾利克·瑟沃特卡,false,true
12685832,Keith Reddy,キース レディー,基思·雷迪,true,true
12685890,Peder Brahe,ペーダー ブラーエ,彼泽·布拉厄,false,true
12685937,Anton Darmon,アントン ダルモン,安东·达尔蒙,true,true
12685939,Fele Pineda,フェレ ピネダ,费莱·皮内达,true,true
12686020,Nyurp Iversen,ニュロプ イヴェルセン,纽普·伊韦尔森,true,true
12686103,Amadeo Valbuena,アマデオ バルブエナ,阿马德奥·巴尔武埃纳,true,true
12686105,Edmondo Dusio,エドモンド ドゥシオ,埃德蒙多·杜西奥,true,true
12686106,Samuel Carnicer,サムエル カルニセール,萨穆埃尔·卡尼塞尔,false,true
12686110,Yago Fagoaga,ヤーゴ ファゴアガ,雅戈·法戈阿加,true,true
12686114,Luther Hodge,ルーサー ホッジ,卢瑟·霍奇,true,true
12686115,Jules Auteuil,ジュール オートゥイユ,朱尔·奥特伊,true,true
12686246,Sijmen de Graaf,セイメン デ フラーフ,希门·德赫拉夫,false,true
12686402,Nu Deokyeop,ヌ ドクヨプ,讷德烨,true,true
12686404,Hristofor Mitev,フリストフォル ミテフ,赫里斯托福尔·米特夫,false,true
12686496,Mikel Elia,ミケル エリア,迈克尔·埃利亚,true,true
12686497,Morita Rui,森田 塁,森田垒,true,true
12686520,Émilien Todt,エミリアン トッド,埃米利安·托特,true,true
12686522,Patrice Dyrek,パトリス ディレク,帕特里斯·迪雷克,true,true
12686571,Adrian Maynard,アドリアン マリー メナール,阿德里安-马里耶·梅纳德,true,true
12686572,Felipe Rivas,フェリペ リバス,费利佩·里瓦斯,true,true
12686592,Hesam Bin Fathi,ヘサム ビン ファティ,希萨姆·本·法特希,true,true
12686660,Adrien Raguel,アドリアン ラグエル,阿德里安·拉盖尔,true,true
12686661,Lucas Renk,ルーカス レンク,卢卡斯·伦克,false,true
12686662,C. Hartson,クラレンス ハートソン,克拉伦斯·哈特森,true,true
12686663,Safi Adel,サフィ アデル,萨菲·阿德尔,true,true
12686664,Gamaliel Nutt,ガマリエル ヌット,加梅利尔·纳特,true,true
12686666,Chu Jeongsik,チュ ジョンシク,周清识,true,true
12686667,Nakane Riku,中根 璃久,中根璃久,true,true
12686668,Simon Blanco,シモン ブランコ,西蒙·布兰科,true,true
12686796,Quinito Dimas,キニート ディマス,基里托·迪马斯,false,true
12686797,Derk Hurt,デレック ハート,德克·赫特,true,true
12686798,Hamid Ar Rauf,ハミド アッラウフ,哈米德·阿尔-劳夫,false,true
12686799,Tullio Ottani,トゥリオ オッターニ,图利奥·奥塔尼,true,true
12686800,Uriel Granov,ユリエル グラノフ,尤里尔·格拉诺夫,true,true
12686801,Aubrey Oldman,オーブリー オールドマン,奥布里·奥尔德曼,true,true
12686802,Clodovil Vilar,クロドヴィウ ビラール,克洛多维尔·维拉,true,true
12686803,John Sisinis,ジョン シシニス,约翰·西西尼斯,true,true
12686804,Xiang Lufeng,シアン ルフェン,项陆峰,true,true
12686805,Hadi Ramiz,ハディ ラミズ,哈迪·拉米兹,true,true
12686806,Rolan Sverdlov,ロラン スヴェルドロフ,罗兰·斯维尔德洛夫,true,true
12686953,Laurentiu Niță,ラウレンティウ ニツァ,劳伦蒂乌·尼塔,true,true
12686956,Tapani Helewa,タパニ エレワ,塔帕尼·埃莱瓦,true,true
12686971,Ko Vink,コ フィンク,科·芬克,true,true
12686972,Ernest Rone,エルネスト ロネ,埃内斯特·罗内,true,true
12686973,Paulo Companeez,ポーロ コンパネーズ,保罗·康帕内,true,true
12686974,Victão Fonte,ヴィクトン フォンチ,维克唐·丰特,true,true
12686975,Advan Kurtagić,アドヴァン クルタギッチ,阿德万·库尔塔吉奇,true,true
12687022,Iassen Lazarov,イアセン ラザロフ,亚森·拉扎罗夫,true,true
12687023,Anto Polančec,アント ポランチェツ,安托·波兰切茨,true,true
12687024,Currie Turner,カーリー ターナー,柯里·特纳,true,true
12687025,Rudolf Hrabák,ルドルフ ハラバーク,鲁道夫·赫拉巴克,false,true
12687026,Frederico Maura,フレデリコ マウラ,弗雷德里科·毛拉,true,true
12687079,Eliáš Vodrážka,エリアーシュ ヴォドラーシュカ,埃利亚斯·沃德拉日卡,true,true
12687082,Just Gervais,ジュスト ジェルヴェ,朱斯特·热尔韦,true,true
16777218,Jorge Jesus,ジョルジェ ジェズス,若热·热苏斯,true,true
16777261,Kevin Muscat,ケヴィン マスカット,凯文·马斯喀特,true,true
16777293,Ney Franco,ネイ フランコ,内伊·佛朗哥,true,true
16777339,Roberto Mancini,ロベルト マンチーニ,罗伯托·曼奇尼,true,true
16777442,Leonid Slutsky,レオニード スルツキー,莱昂尼德·斯卢茨基,true,true
16777465,S. Conceição,セルジオ コンセイソン,塞尔吉奥·孔塞桑,true,true
16777528,Rui Vitória,ルイ ヴィトーリア,鲁伊·维托里亚,true,true
16777529,Pedro Martins,ペドロ マルティンス,佩德罗·马丁斯,true,true
16777568,Michael Skibbe,ミヒャエル スキッベ,米夏埃尔·斯基伯,true,true
16777646,Paulo Sousa,パウロ ソウザ,保罗·索萨,true,true
16777666,Djamel Belmadi,ジャメル ベルマディ,贾迈勒·贝尔马迪,true,true
16877429,Seo Jung-Won,ソ ジョンウォン,徐正源,true,true
16877533,Dragan Skočić,ドラガン スコチッチ,德拉甘·斯科西奇,true,true
16877565,Quim Machado,キム マシャド,基姆·马查多,false,true
16877621,José Molina,ホセ モリーナ,何塞·莫利纳,true,true
16877656,Ruzykul Berdyev,ルジクル ベルディエフ,鲁齐库尔·贝尔迪耶夫,true,true
16877657,Bojan Hodak,ボヤン ホダク,博扬·霍达克,true,true
16877740,Luís Castro,ルイス カストロ,路易斯·卡斯特罗,false,true
16877911,R. Sá Pinto,リカルド サ ピント,里卡多·萨·平托,true,true
16878033,Simone Inzaghi,シモーネ インザーギ,西蒙尼·因扎吉,true,true
16878185,Totchtawan S.,トッチタワン スリパーン,托达万·西里攀,true,true
16878304,Manolo Márquez,マノロ マルケス,马诺洛·马克斯,true,true
16878384,José Morais,ジョゼ モライス,若泽·德莫赖斯,false,true
16878644,Yoshida T.,吉田 孝行,吉田孝行,false,true
16878680,Park Tae-Ha,パク テハ,朴泰夏,true,true
16878840,A. Pölking,アレシャンドレ ペウキング,亚历山大·波尔金,true,true
16879186,Nandinho,ナンディーニョ,南迪尼奥,true,true
16879371,Surachai J.,スラチャイ ジャトラパタラポン,素拉畿·贾图拉帕塔拉彭,true,true
16879491,A. Ranković,アレクサンダル ランコヴィッチ,亚历山大·兰科维奇,true,true
16879503,Daniel Poyatos,ダニエル ポヤトス,丹尼尔·波亚托斯,false,true
16879603,Xisco Muñoz,シスコ ムニョス,西斯科·穆尼奥斯,true,true
16879669,Yuri Baturenko,ユリ バトゥレンコ,尤里·巴图连科,true,true
16879740,Kim Gi-Dong,キム ギドン,金基东,true,true
16879797,Aurelio Vidmar,アウレリオ ヴィドマー,奥雷利奥·维德马尔,true,true
16879853,M. Jaissle,マティアス ヤイスレ,马蒂亚斯·贾斯勒,true,true
16880113,Rovsan Muhadov,ロヴサン ムハドフ,罗夫桑·穆哈多夫,false,true
16880114,Moharram N.,モハラム ナヴィドキア,莫哈拉姆·纳维基亚,true,true
16880350,Kuroda Go,黒田 剛,黑田刚,true,true
16880405,Igor Bišćan,イーゴル ビシュチャン,伊戈尔·比什昌,false,true
16880518,M. Shatskikh,マクシム シャツキフ,马克西姆·沙茨基赫,true,true
16880528,Younes Ali,ユネス アリ,尤尼斯·阿里,true,true
16880537,Hoshide Yu,星出 悠,星出悠,true,true
16880669,Worrawoot S.,ワーラウート スィーマカー,沃拉武特·斯里马卡,true,true
16880857,Mark Jackson,マーク ジャクソン,马克·杰克逊,true,true
16880864,Roberto Losada,ロベルト ロサダ,罗伯托·洛萨达,true,true
16880869,Miloš Milojević,ミロシュ ミロイェヴィッチ,米洛什·米洛耶维奇,true,true
16880910,Ali Ashour,アリ アシュル,阿里·阿舒尔,true,true
16880913,Moamen Soliman,モーメン スリマン,莫阿门·苏莱曼,true,true
16880994,Chung Kyung-Ho,チョン ギョンホ,郑暻镐,true,true
16881145,Lee Chi Kin,リー チーチェン,李志坚,true,true
16881146,Darko Milanič,ダルコ ミラニッチ,达尔科·米拉尼奇,true,true
16881147,Mile Sterjovski,ミレ ステリョフスキ,米莱·什特里约夫斯基,true,true
16881175,Annamuhammedov,エジズ アンナムハンメドフ,安纳穆罕默多夫,true,true
16881201,Noh Sang-Rae,ノ サンレ,卢相来,true,true
16881207,N. Trung Kien,グエン トゥン キエン,阮忠坚,true,true
16881208,Noh Rahman,ノア ラーマン,诺赫·拉赫曼,true,true
16881209,Jamal Mahmoud,ジャマル マフムド,贾马尔·马哈茂德,true,true
16881210,Sergio Alegre,セルヒオ アレグレ,塞尔吉奥·阿莱格雷,false,true
16881211,Ramiro Amarelle,ラミロ アマレージェ,拉米罗·阿马雷耶,true,true
16881212,Emad El-Nahhas,エマド エル ナハース,伊马德·埃尔-纳哈斯,false,true
16881214,C. Gamel,クリストフ ギャメル,克里斯托弗·加梅尔,true,true
16881299,Jens Wissing,イェンス ヴィッシング,延斯·维辛,true,true
16881302,Bartosch Gaul,バルトシュ ガウル,巴托施·高尔,true,true
16881313,Hussam Fawzi,フッサム ファウジ,胡萨姆·法齐,true,true
16881314,Mergen Orazov,メルゲン オラゾフ,梅尔根·奥拉佐夫,true,true
25168195,Devoss de Vos,デフォス デ フォス,德弗斯·德福斯,false,true
25168205,Ali Talib,アリ タリブ,阿里·塔利布,false,true
25168291,Z. Simunović,ズラトコ シムノヴィッチ,兹拉特科·西穆诺维奇,false,true
25168292,Hamid Bin Talat,ハミド ビン タラト,哈米德·本·塔拉特,false,true
25168293,Najim Zafar,ナジム ザファル,纳吉姆·扎法尔,false,true
25168302,Aldous Mayerl,アルダス メイヤール,奥尔德斯·梅耶尔,false,true
25168308,Gojko Krstić,ガイコ クルスティッチ,戈伊科·克尔斯蒂奇,false,true
25168320,Solmu Jurkka,ソルム ユルッカ,索尔穆·尤尔卡,false,true
25168326,Jochum v.d. Pol,ヨフン ファン デ ポル,约胡姆·范德波尔,false,true
25168338,Adel Raji,アデル ラジ,阿德尔·拉吉,false,true
25168341,Mustafa Sahir,ムスタファ サヒル,穆斯塔法·萨希尔,false,true
25168367,Vail M.Lintonen,ヴァイル マッティ リントネン,韦尔-马蒂·林托宁,false,true
25168383,Nader Bin Talat,ナデル ビン タラト,纳德尔·本·塔拉特,false,true
25168390,Massud Uthman,マスウド ウトマン,马苏德·奥斯曼,false,true
25168396,Leopold Nutley,レオポルド ナトリー,利奥波德·纳特利,false,true
25168404,Nyura Ivanić,ニュラ イヴァニッチ,尼乌拉·伊万尼茨,false,true
25168448,Taher Hakam,タヘル ハカム,塔希尔·哈卡姆,false,true
25168498,Ionna Radić,イオンナ ラディチ,约恩纳·拉迪奇,false,true
25169834,Kyrylo Zhuk,キリロ ジュク,基雷洛·茹克,false,true
25169846,Franjo Rajić,フランヨ ライッチ,弗拉尼奥·拉伊奇,false,true
25169860,Danylo Gogol,ダニロ ホホル,达内洛·戈戈尔,false,true
25169927,Silvestar Krpan,シルヴェスタル クルパン,西尔韦斯塔尔·克尔潘,false,true
54525990,Amir Ghalenoei,アミル ガレノエイ,阿米尔·加里诺伊,true,true
54526033,J.Antonio Pizzi,ファン アントニオ ピッツィ,胡安·皮齐,true,true
54526075,Roberto Mancini,ロベルト マンチーニ,罗伯托·曼奇尼,true,true
54526086,Paulo Bento,パウロ ベント,保罗·本托,true,true
54526292,Srečko Katanec,スレチコ カタネツ,斯雷茨科·卡塔内茨,true,true
54526296,Hong Myung-Bo,ホン ミョンボ,洪明甫,true,true
54526447,Moriyasu Hajime,森保 一,森保一,true,true
54626151,B. Ivanković,ブランコ イヴァンコヴィッチ,布兰科·伊万科维奇,true,true
54626758,Graham Arnold,グラハム アーノルド,格雷厄姆·阿诺德,true,true
54626994,J. Šilhavý,ヤロスラフ シルハヴィ,雅罗斯拉夫·希尔哈维,true,true
54627137,Tintín Márquez,ティンティン マルケス,廷廷·马克斯,true,true
54627448,Shin Tae-Yong,シン テ ヨン,申台龙,true,true
54627497,Dragan Talajić,ドラガン タライッチ,德拉甘·塔拉伊奇,true,true
54629147,Jesús Casas,ヘスス カーサス,耶稣·卡萨斯,true,true
54629337,Makram Daboub,マクラム ダブブ,马克拉姆·达布布,true,true
54629442,Sin Yong-Nam,シン ヨンナム,申永南,true,true
54629632,Jamal Sellami,ジャマル セラミ,贾马尔·塞拉米,true,true
54629633,Maksim Lisitsyn,マクシム リシツィン,马克西姆·利西津,true,true
88080431,Hossam Hassan,ホッサム ハッサン,胡萨姆·哈桑,true,true
88080479,Paul Put,ポール ピュ,保罗·普特,true,true
88080525,V. Petković,ヴラディミル ペトコヴィッチ,弗拉迪米尔·佩特科维奇,true,true
88080714,P. Beaumelle,パトリス ビュームル,帕特里斯·博梅勒,true,true
88080730,Akwasi Appiah,アクワシ アッピアー,夸西·阿皮亚,true,true
88180783,Gernot Rohr,ジェルノト ロール,格诺特·罗尔,true,true
88181239,Hugo Broos,ウーゴ ブロース,乌戈·布罗斯,true,true
88182526,Hoalid Regragui,ワリド レグラギ,瓦利德·雷格拉古伊,true,true
88182677,S. Desabre,セバスティアン デザブル,塞巴斯蒂安·德萨布尔,true,true
88183409,Pape Thiaw,パプ ティアウ,帕普·恰夫,true,true
88183587,Éric Chelle,エリク シェル,埃里克·谢勒,true,true
88183992,Emerse Faé,イーメルス ファエ,埃默斯·法埃,true,true
88183994,Brama Traoré,ブラマ トラオレ,布拉马·特拉奥雷,true,true
88184043,Tom Saintfiet,トム サンフィエ,汤姆·圣菲特,true,true
88184132,T. Mouyouma,ティエリー ムユマ,蒂埃里·穆尤马,true,true
88184134,M. Ramoreboli,モリーナ ラモリボリ,莫利纳·拉莫雷博利,true,true
88184270,Sami Trabelsi,サミ トラベルシ,萨米·特拉布勒西,true,true
88184344,Juan Michá,ファン マチャ,胡安·米查,true,true
88184349,Stefano Cusin,ステーファノ クジン,斯特凡诺·库辛,true,true
88184353,Chiquinho Conde,シキーニョ コンジ,希基尼奥·孔德,true,true
88184424,Moses Sichone,モーゼズ シチョン,摩西·西乔恩,true,true
88184425,Mario Marinică,マリオ マリニカ,马里奥·马里尼卡,true,true
88184426,Miguel Gamondi,ミゲル ガモンディ,米格尔·加蒙迪,true,true
88184428,David Pagou,ダヴィド パグ,大卫·帕古,true,true
268435672,Pep Guardiola,ペップ グアルディオラ,何塞普·瓜迪奥拉,false,true
268535693,José Mourinho,ジョゼ モウリーニョ,何塞·穆里尼奥,true,true
268537770,Ruben Amorim,ルベン アモリム,鲁本·阿莫里姆,false,true
268538069,Xabi Alonso,シャビ アロンソ,哈维·阿隆索,false,true
536871044,Fabio Capello,ファビオ カペッロ,法比奥·卡佩罗,false,true
536971149,José Mourinho,ジョゼ モウリーニョ,何塞·穆里尼奥,false,true
536973715,F. Beckenbauer,フランツ ベッケンバウアー,弗朗茨·贝肯鲍尔,false,true
805407058,Erik ten Hag,エリク テン ハフ,埃里克·滕哈赫,false,true
805408254,Johan Cruyff,ヨハン クライフ,约翰·克鲁伊夫,false,true
805408354,Vincent Kompany,ヴァンサン コンパニ,文森特·孔帕尼,false,true
805408477,Mikel Arteta,ミケル アルテタ,迈克尔·阿特塔,false,true
805408512,Xavi Hernández,シャビ エルナンデス,哈维,false,true
805409982,Frank Rijkaard,フランク ライカールト,弗兰克·里杰卡尔德,false,true
1073741825,R. Martínez,ロベルト マルティネス,罗伯托·马丁内斯,false,true
1073742040,Pep Guardiola,ペップ グアルディオラ,何塞普·瓜迪奥拉,false,true
1073742196,Stefano Pioli,ステファノ ピオーリ,斯特凡诺·皮奥利,false,true
1073842641,Simone Inzaghi,シモーネ インザーギ,西蒙尼·因扎吉,false,true
1073842642,Thomas Tuchel,トーマス トゥヘル,托马斯·图赫尔,false,true
1073843904,Hansi Flick,ハンジ フリック,汉斯·弗里克,false,true
1342177310,G. P. Gasperini,ジャン ピエーロ ガスペリーニ,吉安·皮埃罗·加斯佩里尼,false,true
1342278098,Thomas Tuchel,トーマス トゥヘル,托马斯·图赫尔,false,true
1342279594,Ruben Amorim,ルベン アモリム,鲁本·阿莫里姆,false,true
1342280774,Zico,ジーコ,济科,false,true
1610612876,D. Deschamps,ディディエ デシャン,迪迪埃·德尚,false,true
1610612952,Pep Guardiola,ペップ グアルディオラ,何塞普·瓜迪奥拉,false,true
1610713553,Simone Inzaghi,シモーネ インザーギ,西蒙尼·因扎吉,false,true
1610714816,Hansi Flick,ハンジ フリック,汉斯·弗里克,false,true
1610715349,Xabi Alonso,シャビ アロンソ,哈维·阿隆索,false,true
1879048193,R. Martínez,ロベルト マルティネス,罗伯托·马丁内斯,false,true
1879048221,V. Montella,ヴィンチェンツォ モンテッラ,文森佐·蒙特拉,false,true
1879048332,D. Deschamps,ディディエ デシャン,迪迪埃·德尚,false,true
1879048629,M. Allegri,マッシミリアーノ アッレグリ,马西米利亚诺·阿莱格里,false,true
1879149176,G. Southgate,ギャレス サウスゲイト,加雷思·索思盖特,false,true
1879149999,Lionel Scaloni,リオネル スカローニ,利昂内尔·斯卡洛尼,false,true
1879150078,Johan Cruyff,ヨハン クライフ,约翰·克鲁伊夫,false,true
1879150426,J. Nagelsmann,ユリアン ナゲルスマン,尤利安·纳格尔斯曼,false,true
1887437321,Olympio H.,オリンピオ エンリケス,奥林匹奥·恩里克斯,false,true
2147483998,Ronald Koeman,ロナルド クーマン,罗纳德·库曼,false,true
2147585105,D. Stojković,ドラガン ストイコヴィッチ,德拉甘·斯托伊科维奇,false,true
2147585757,Mikel Arteta,ミケル アルテタ,迈克尔·阿特塔,false,true
2147586839,L. de la Fuente,ルイス デ ラ フエンテ,路易斯·德拉富恩特,false,true
2416021717,Xabi Alonso,シャビ アロンソ,哈维·阿隆索,false,true
2684354589,V. Montella,ヴィンチェンツォ モンテッラ,文森佐·蒙特拉,false,true
2684354650,Ståle Solbakken,ストーレ ソルバッケン,斯塔勒·索尔巴肯,false,true
2684456669,Mikel Arteta,ミケル アルテタ,迈克尔·阿特塔,false,true
2684458377,Cristian Chivu,クリスティアン キヴ,克里斯蒂安·齐沃,false,true
2952790033,Rudi Garcia,リュディ ガルシア,鲁迪·加西亚,false,true
2952790151,Niko Kovač,ニコ コヴァッチ,尼科·科瓦奇,false,true
2952891650,Steven Gerrard,スティーヴン ジェラード,史蒂文·杰拉德,false,true
3221326243,L. Spalletti,ルチアーノ スパレッティ,卢西亚诺·斯帕莱蒂,false,true
3221327071,Frank Lampard,フランク ランパード,弗兰克·兰帕德,false,true
3221327083,Patrick Vieira,パトリック ヴィエラ,帕特里克·维埃拉,false,true
3221328923,Cesc Fàbregas,セスク ファブレガス,塞斯克·法布雷加斯,false,true
3489661225,Paulo Fonseca,パウロ フォンセカ,保罗·丰塞卡,false,true
3489763731,F. Beckenbauer,フランツ ベッケンバウアー,弗朗茨·贝肯鲍尔,false,true
3758096734,Ronald Koeman,ロナルド クーマン,罗纳德·库曼,false,true
3758197683,Okan Buruk,オカン ブルク,奥坎·布鲁克,false,true
3758197983,Frank Lampard,フランク ランパード,弗兰克·兰帕德,false,true
4026531841,R. Martínez,ロベルト マルティネス,罗伯托·马丁内斯,false,true
4026531866,Gennaro Gattuso,ジェンナーロ ガットゥーゾ,詹纳罗·加图索,false,true
4026531946,Antonio Conte,アントニオ コンテ,安东尼奥·孔蒂,false,true
4026635454,Frank Rijkaard,フランク ライカールト,弗兰克·里杰卡尔德,false,true
