"arquivo","Hash"
"2-MOTORES\OTIMIZADOR\fila_producao_v3.py","494BC3B3FA6D187648899A706BFB76FAEC53D2603FBC6099624BAF5F9B4DB9D1"
"2-MOTORES\OTIMIZADOR\interface\app.js","17B61EE3599634429AE7B97EAB3F03D7C3860855FCD8AE253E5E2D5F0C17C779"
"2-MOTORES\OTIMIZADOR\interface\index.html","FB0133608E7AB847664E2247B15C14FBF59D5A08B0D373331F33CDC5854E0032"
"2-MOTORES\OTIMIZADOR\interface\servidor.py","05F8FE3AB12AEF5CB2F9296BADF0AA939AAB9F0953F427FA642E1276BBC01519"
"4-DOCUMENTOS\MANUAL-DO-OTIMIZADOR.md","AC012DA5EFDB15020F6309C4BB3A3F7FA15D50076AEA93515E35ACFA240D9E1A"
"4-DOCUMENTOS\OTIMIZADOR\FILA-PRODUCAO-V3\MIGRACAO-FILA-PRODUCAO-V3-PILOTO-LOTE-ID-V3.sql","51A063F5AFAA467F25AD80B3A7EF7A52ACD3505FDD4458B6CF6FCA975AA3815A"
"4-DOCUMENTOS\OTIMIZADOR\FILA-PRODUCAO-V3\ROLLBACK-FILA-PRODUCAO-V3-PILOTO-LOTE-ID-V3.sql","A58A12608AE815CC3D2C10D60E60B956D1298DA653A757EE1F3C77DBCD782162"
"4-DOCUMENTOS\OTIMIZADOR\MIGRACAO-ENTRADAS\CHECKLIST-MIGRACAO-ENTRADAS-2026-08-28.md","2E7CB6420697D81556B9CAF5A998FD600FA7066C19380DC624CE815F63E0B6B7"
"4-DOCUMENTOS\OTIMIZADOR\TESTES\teste_fila_producao_v3.py","48513DC7E0034031B574FB1D55AB9A28B7D5E234DCBD1BD3C441402FC12BE772"
