"arquivo_origem","nome_origem","tamanho_cifrado_bytes","sha256_arquivo_cifrado","iv_hex","metodo","padding_pkcs7_valido","formato_decifrado","validacao_png","largura","altura","tamanho_png_bytes","sha256_png","prefixo_nome_confere_sha256_png","sufixo_unix_utc","arquivo_png","origem_permaneceu_inalterada","tipo_visual","identificacao_visual","texto_legivel_principal","contem_catalogo_estruturado"
"C:\ProgramData\KONAMI\eFootball\ST\TempData\Download\03e4168c8ea285217f8c2568b772e9b9e19db45b4abb5e7fb2904e742d80f09a.1788155140","03e4168c8ea285217f8c2568b772e9b9e19db45b4abb5e7fb2904e742d80f09a.1788155140","194448","649a48dea5dd564438c9786a1389713628a64397c9bd797683c6aa12ff0b8578","dae2d53ccae926dd26880401a22b5447","AES-256-CBC; IV nos 16 primeiros bytes; PKCS#7","True","PNG","assinatura, IHDR e IEND validos","1638","414","194428","03e4168c8ea285217f8c2568b772e9b9e19db45b4abb5e7fb2904e742d80f09a","True","2026-08-31T05:45:40.0000000+00:00","C:\Users\Luis Fernando\Downloads\ClubEFootball--main\ClubEFootball--main\7-VARREDURA-DO-JOGO\artefatos\investigacao-livedata\pngs-20260831\03e4168c8ea285217f8c2568b772e9b9e19db45b4abb5e7fb2904e742d80f09a.1788155140.png","True","fundo promocional","Fundo abstrato com raios azul e roxo, sem texto e sem card visivel.",,"False"
"C:\ProgramData\KONAMI\eFootball\ST\TempData\Download\439fe8bae150cdd98226467885255d5f769e9d6dd1e0574cf2d1625bc05b9258.1788155141","439fe8bae150cdd98226467885255d5f769e9d6dd1e0574cf2d1625bc05b9258.1788155141","150976","ba3ac9c85e69f1bb2f22a528b02900900a083d8a523847173aeafbb378583fd6","c12c5f395905eb0d3d1abb42c6ccde82","AES-256-CBC; IV nos 16 primeiros bytes; PKCS#7","True","PNG","assinatura, IHDR e IEND validos","1638","414","150952","439fe8bae150cdd98226467885255d5f769e9d6dd1e0574cf2d1625bc05b9258","True","2026-08-31T05:45:41.0000000+00:00","C:\Users\Luis Fernando\Downloads\ClubEFootball--main\ClubEFootball--main\7-VARREDURA-DO-JOGO\artefatos\investigacao-livedata\pngs-20260831\439fe8bae150cdd98226467885255d5f769e9d6dd1e0574cf2d1625bc05b9258.1788155141.png","True","banner promocional","Arte do crossover de manga com varios personagens.","That Time I Got Reincarnated in PES","False"
"C:\ProgramData\KONAMI\eFootball\ST\TempData\Download\a026b4c528c8b4f75d4408750bdec9c1acf5bda3165931d427a9fc0bb0171f8a.1788155140","a026b4c528c8b4f75d4408750bdec9c1acf5bda3165931d427a9fc0bb0171f8a.1788155140","309008","9b7b881ebc2db914f878229340746e729da460c8e7bdc504e36a361392fc1637","7d79b41087ea43e9c5a86f969fbdb6d7","AES-256-CBC; IV nos 16 primeiros bytes; PKCS#7","True","PNG","assinatura, IHDR e IEND validos","1638","414","308981","a026b4c528c8b4f75d4408750bdec9c1acf5bda3165931d427a9fc0bb0171f8a","True","2026-08-31T05:45:40.0000000+00:00","C:\Users\Luis Fernando\Downloads\ClubEFootball--main\ClubEFootball--main\7-VARREDURA-DO-JOGO\artefatos\investigacao-livedata\pngs-20260831\a026b4c528c8b4f75d4408750bdec9c1acf5bda3165931d427a9fc0bb0171f8a.1788155140.png","True","banner de recompensa/card","Mostra, como pixels da arte, um card 98 CMF de Thiago Alcantara e seis itens de experiencia.","Thiago Alcantara; Exp. 4,000 x6","False"
"C:\ProgramData\KONAMI\eFootball\ST\TempData\Download\b3da26cc72199936a85ed39d390a3acbe96c1e2fcd76d8232129ab74f5e772be.1788155141","b3da26cc72199936a85ed39d390a3acbe96c1e2fcd76d8232129ab74f5e772be.1788155141","116944","e4d40fe68deceda1aebff603d7085d301558158aa743f7fc4c9c671b1c1ef604","c46a9ed87ef9052224cd21f0661bba6f","AES-256-CBC; IV nos 16 primeiros bytes; PKCS#7","True","PNG","assinatura, IHDR e IEND validos","1638","414","116924","b3da26cc72199936a85ed39d390a3acbe96c1e2fcd76d8232129ab74f5e772be","True","2026-08-31T05:45:41.0000000+00:00","C:\Users\Luis Fernando\Downloads\ClubEFootball--main\ClubEFootball--main\7-VARREDURA-DO-JOGO\artefatos\investigacao-livedata\pngs-20260831\b3da26cc72199936a85ed39d390a3acbe96c1e2fcd76d8232129ab74f5e772be.1788155141.png","True","banner de campanha","Resume presente de login, escolha de jogadores e o tecnico Frank Lampard. As miniaturas de cards fazem parte da imagem; nao sao registros extraiveis.","Special Login Present / Campaign Hub; Sign your 5 favourite players!; Highlight: New Season x5; Frank Lampard 2025-2026; New Team Playstyle Overload","False"
"C:\ProgramData\KONAMI\eFootball\ST\TempData\Download\b6182d6ddb30a7cb8794459796af229bc9ba863ced265815a1f52d8845970b66.1788155140","b6182d6ddb30a7cb8794459796af229bc9ba863ced265815a1f52d8845970b66.1788155140","193168","eb03972dbc5a8223cc32da3fbca53f9dbb8b2ed7df869060355febfa924de518","d4a8cfa3133e58ec28c569f1aec819d2","AES-256-CBC; IV nos 16 primeiros bytes; PKCS#7","True","PNG","assinatura, IHDR e IEND validos","1638","414","193146","b6182d6ddb30a7cb8794459796af229bc9ba863ced265815a1f52d8845970b66","True","2026-08-31T05:45:40.0000000+00:00","C:\Users\Luis Fernando\Downloads\ClubEFootball--main\ClubEFootball--main\7-VARREDURA-DO-JOGO\artefatos\investigacao-livedata\pngs-20260831\b6182d6ddb30a7cb8794459796af229bc9ba863ced265815a1f52d8845970b66.1788155140.png","True","banner promocional","Montagem de Lionel Messi com uniforme do Barcelona, sem texto identificador.",,"False"
"C:\ProgramData\KONAMI\eFootball\ST\TempData\Download\cbe51825a2ba9e0d578a170828d69112b86ff62b35d0955f5f83b657d7f5f9d0.1788155141","cbe51825a2ba9e0d578a170828d69112b86ff62b35d0955f5f83b657d7f5f9d0.1788155141","284000","39499e45216dad32d3878eb48513c7f17f8382a2d3a360bdc6444f0f0573c837","647a3a410f7a3c28f317b8d1b486bdc0","AES-256-CBC; IV nos 16 primeiros bytes; PKCS#7","True","PNG","assinatura, IHDR e IEND validos","1638","414","283979","cbe51825a2ba9e0d578a170828d69112b86ff62b35d0955f5f83b657d7f5f9d0","True","2026-08-31T05:45:41.0000000+00:00","C:\Users\Luis Fernando\Downloads\ClubEFootball--main\ClubEFootball--main\7-VARREDURA-DO-JOGO\artefatos\investigacao-livedata\pngs-20260831\cbe51825a2ba9e0d578a170828d69112b86ff62b35d0955f5f83b657d7f5f9d0.1788155141.png","True","banner de recompensa/card","Mostra, como pixels da arte, o card RWF 94 de Burchett, a habilidade Acceleration Burst e a faixa de classificacao da campanha do crossover.","Player Skill Acceleration Burst; Burchett; Rank 1-50,000","False"
"C:\ProgramData\KONAMI\eFootball\ST\TempData\Download\cc1d3922a21b717ac687f8afae3d3fe0a2d0dac6d4fbbbc32688f158b9f2b013.1788155141","cc1d3922a21b717ac687f8afae3d3fe0a2d0dac6d4fbbbc32688f158b9f2b013.1788155141","108944","a69434bc693ec9ff7c9e7ce203093afe17ea9b740365e007015f092291123691","426691806c912d4064c89125683d5cd1","AES-256-CBC; IV nos 16 primeiros bytes; PKCS#7","True","PNG","assinatura, IHDR e IEND validos","1638","414","108924","cc1d3922a21b717ac687f8afae3d3fe0a2d0dac6d4fbbbc32688f158b9f2b013","True","2026-08-31T05:45:41.0000000+00:00","C:\Users\Luis Fernando\Downloads\ClubEFootball--main\ClubEFootball--main\7-VARREDURA-DO-JOGO\artefatos\investigacao-livedata\pngs-20260831\cc1d3922a21b717ac687f8afae3d3fe0a2d0dac6d4fbbbc32688f158b9f2b013.1788155141.png","True","banner de campanha","Campanha de vinculacao do KONAMI ID com premio exibido de 3.000 moedas.","KONAMI ID Link Campaign; 3,000","False"
"C:\ProgramData\KONAMI\eFootball\ST\TempData\Download\cf3bbaab4c3d5114de0038f46b6b7c180881a4c44c062fd514d3fb5a9945e333.1788155142","cf3bbaab4c3d5114de0038f46b6b7c180881a4c44c062fd514d3fb5a9945e333.1788155142","113008","a66f40a74a4d5d9eb2819accd7ce3b3d1b1caf14b0f37cb39110d660e3deff7f","b2340dc123349091305a0b333ada730e","AES-256-CBC; IV nos 16 primeiros bytes; PKCS#7","True","PNG","assinatura, IHDR e IEND validos","534","726","112984","cf3bbaab4c3d5114de0038f46b6b7c180881a4c44c062fd514d3fb5a9945e333","True","2026-08-31T05:45:42.0000000+00:00","C:\Users\Luis Fernando\Downloads\ClubEFootball--main\ClubEFootball--main\7-VARREDURA-DO-JOGO\artefatos\investigacao-livedata\pngs-20260831\cf3bbaab4c3d5114de0038f46b6b7c180881a4c44c062fd514d3fb5a9945e333.1788155142.png","True","retrato promocional","Jogador com uniforme vermelho sobre fundo de moedas eFootball. A propria imagem nao traz nome; por isso o jogador nao foi identificado por palpite.",,"False"
"C:\ProgramData\KONAMI\eFootball\ST\TempData\Download\d80c5011e135323d48b4a33380ee5911b569f2e4474cba5a2591bbbfc3ce470c.1788155140","d80c5011e135323d48b4a33380ee5911b569f2e4474cba5a2591bbbfc3ce470c.1788155140","197520","0d63e9f8b108478777c38c59bf662a2691fc8950060a33075fb2f4b113a6c138","be34b2137c2666799f11a6cf943e2d71","AES-256-CBC; IV nos 16 primeiros bytes; PKCS#7","True","PNG","assinatura, IHDR e IEND validos","1638","414","197494","d80c5011e135323d48b4a33380ee5911b569f2e4474cba5a2591bbbfc3ce470c","True","2026-08-31T05:45:40.0000000+00:00","C:\Users\Luis Fernando\Downloads\ClubEFootball--main\ClubEFootball--main\7-VARREDURA-DO-JOGO\artefatos\investigacao-livedata\pngs-20260831\d80c5011e135323d48b4a33380ee5911b569f2e4474cba5a2591bbbfc3ce470c.1788155140.png","True","banner promocional","Montagem de Lamine Yamal com uniforme do Barcelona, sem texto identificador.",,"False"
